text,category,id,manipulative,credibility,partisan_intensity,source_dataset,word_count,naa,naa_signed,a_aff,a_del,classification
"There is a relatively wide consensus that veterans' posttraumatic stress symptoms (PTSS) may lead to the development of secondary traumatization (ST) among their spouses. However, there is limited knowledge about the way the ST develops over time, as well as its predictors. The current longitudinal study examined ST trajectories among spouses of Israeli war veterans with PTSS, as well as the contribution of veterans' PTSS and wives' assessment of veterans' PTSS to these trajectories. Data were collected from both spouses at 3 time points, 30, 35-37, and 42 years after the 1973 Yom Kippur War (2003, 2008-2010, and 2015, respectively). Using multiple-group Latent Class Growth Analysis (LCGA), we identified 4 distinct ST trajectories. The majority of wives (68%) were in the resilient group, 12% were in the recovery group, approximately 10% were in the chronic PTSS group and another 10% were in the delayed-onset group. Multinomial regressions revealed that veterans' PTSS predicted the 4 different trajectories among their wives.",neutral_informational,neutral_informational-0047,0,1.0,,PubMed,159,0.078931,-0.038899,0.003419,0.042319,LOW
"Police on Tuesday arrested two people and were seeking a third after a shooting in Northwest Rochester, MN.In 2014, Rochester, MN was ranked No. 2 on Livability.com s second annual national list of the Top 100 Best Places to Live.Rochester, MN is now a gateway city for refugee resettlement and it is being systematically destroyed. Violent crime is at unprecedented levels. Daily reports of gunfights are not uncommon.Authorities received multiple emergency calls about 12:50 p.m., reporting shots fired in a parking lot at Minnwest Bank, 331 16th Ave. NW. According to Sgt. Frank Ohm of the Rochester Police Department, the incident involved three to four black males fighting, and shots were fired.One or two individuals ran south, and one or two individuals ran north away from the parking lot, Ohm added. Two suspects were arrested down the street and were taken into custody for further questioning.UPDATE: Attempted murder charges have been filed against the two Rochester men arrested as suspects in Tuesday s shooting near the Olive Garden restaurant.Arraigned Thursday were 21-year-old Abdi Abukar and 22-year-old Idris Haji-Mohamed.",fear_activating,fear_activating-0076,1,,,ISOT-fake,178,0.114422,-0.031443,0.004192,0.035634,LOW
"CenturyLink Has Its Head in the Clouds If there's one thing that's certain in the world of technology, it's change. And so it goes for telecommunications giantCenturyLink (NYSE: CTL), which continues to foster its strategic revenue streams to offset declines in its legacy businesses. Continue Reading Below Of course, CenturyLink also has its hands full ensuring its impending acquisition Opens a New Window. of Level 3 Communications (NYSE: LVLT) closes as planned later this year. But in the meantime, one intriguing strategic growth opportunity for CenturyLink lies with its budding status as an IT services and enterprise cloud solutions provider. To that end, CenturyLink recently launched its new Cloud Application Manager, a ""cloud-agnostic management platform"" designed to simplify enterprise customers' deployment of workloads, managed services, and third-party cloud resources across hybrid hosting environments. CenturyLink's Cloud Application manager helps automate and manage multiple clouds from a single interface. Image source: CenturyLink Advertisement According to David Shacochis,CenturyLink VP of Hybrid IT product management: Better yet,CenturyLink is offering customers the flexibility to use Cloud Application Manager through either a self-service model with their own IT staff, or as one actively managed by CenturyLink's team.",high_outrage,high_outrage-0053,1,,2,SemEval-2019-Task4,191,,-0.050099,-0.019602,0.030498,UNDEFINED
"- When former President Bill Clinton called parts of Obamacare “crazy,” he put his wife Hillary Clinton on the defensive and gave much-needed ammunition to her Republican rival for the presidency, Donald Trump, who wants to scrap it. Bill Clinton said this month that while millions more Americans now have insurance coverage under President Barack Obama’s signature 2010 healthcare law, small businesses and some families are still “getting killed” by surging healthcare costs. He later clarified that he was not criticizing the entire initiative, he was just making an argument for fixing it. Still, Clinton’s comments may not have been so crazy. He put a spotlight on an uncomfortable truth: after six years, billions of dollars and a sweeping reform that stands as Obama’s single biggest domestic policy achievement, health care is still unaffordable for many Americans. Americans are growing increasingly anxious about rising healthcare costs, and critics of the law have said it is not living up to its promises.",neutral_informational,neutral_informational-0062,0,,,ISOT-true,161,0.305292,-0.026099,0.011909,0.038007,LOW
"After Temporary Truce at Verizon, Big Organizing Challenge Remains The 45,000 Verizon union members returning to work on Tuesday, after a two week strike, would do well to remember the words of VZ’s Marc Reed when picket lines were taken down on Saturday. Said Reed: “We remain committed to our objectives.” Verizon’s executive vice-president for human resources wasn’t just referring to the company’s latest give-back demands–that will still be on the table, in some form, when bargaining with the Communications Workers of America (CWA) and the International Brotherhood of Electrical Workers (IBEW) resumes next weekend. Reed is an architect of Verizon’s long-term de-unionization strategy, a key corporate “objective” that has already reduced union density to 30 per cent within the company. So he provides a very timely reminder of what happened eleven years ago this summer when CWA and IBEW waged a two-week strike against concessions and for organizing rights that would have enabled both unions to grow on the Verizon Wireless (VZW) side of the company.",high_outrage,high_outrage-0060,1,,2,SemEval-2019-Task4,167,0.666968,-0.023856,0.049780,0.073637,LOW
"If you watched the second presidential debate last night, you know that there were several cringeworthy moments, most of them created by Republican nominee Donald Trump. One of the most noteworthy of them was when the business mogul threw his vice president, Mike Pence, under the bus by disagreeing with Pence s stance on how America should respond to the war in Syria:[ad3media campaign= 1103 ]The moment shocked everyone watching, and was the perfect representation of just what a disaster the Trump-Pence ticket is. To make matters worse, this is just one amongst a long list of things Trump and Pence have disagreed about! Jerry Springer, the host of The Jerry Springer Show said it better than any of us could have when he weighed in on this awkward debate moment: While I may not be able to moderate a debate, sounds like Mike Pence and Donald Trump might need to come on my show to talk things out.",fear_activating,fear_activating-0077,1,,,ISOT-fake,159,,0.016237,0.015415,-0.000822,UNDEFINED
"The two-implant retained mandibular overdenture utilizing nonsplinted implants is a proven treatment modality for completely edentulous patients. However, a lacuna still exists regarding the suitability of mini dental implants for this purpose. The purpose of the study was to evaluate implant stability and crestal bone loss in single-piece mini dental implants loaded with immediate or conventional loading protocols to retain a mandibular overdenture. Twenty-four completely edentulous patients were rehabilitated using conventional maxillary complete denture and a mandibular two-implant retained overdenture utilizing nonsplinted single piece mini implants. The implants were loaded with immediate or conventional loading protocols. Implant stability (with Periotest TM) and crestal bone loss (with radiovisiograph and radiographic grid) were evaluated at the time of loading and at one, two, and six months after loading. Statistical analysis was done with the Independent Samples ""t"" test and One-Way ANOVA. Mean Periotest Values observed were significantly more negative in implants loaded with the conventional loading protocol.",neutral_informational,neutral_informational-0079,0,1.0,,PubMed,155,0.057593,-0.024703,0.001571,0.026273,LOW
"A federal judge just proudly gave Jeff Sessions the middle finger by approving Baltimore s police reforms even after the attorney general had voiced his opposition.The Justice Department began investigating the Baltimore Police Department in 2014 after news reports that they had paid out millions to settle upwards of 100 lawsuits over police brutality and misconduct. Following the death of Freddie Gray in 2015, the investigation intensified. The DOJ, which was still under former President Obama at the time, found widespread unconstitutional and discriminatory practices.Mother Jones reports: Earlier this week, Sessions ordered a review of all consent decrees between police departments and the Justice Department. Department lawyers asked the US district court in Baltimore to put off approving the consent decree for at least 30 days so the new administration could review it. I have grave concerns that some provisions of this decree will reduce the lawful powers of the police department and result in a less safe city, Sessions said in a scathing statement.",fear_activating,fear_activating-0010,1,,,ISOT-fake,165,0.455213,-0.010043,0.009228,0.019271,LOW
"Donald Trump’s promise to gut U.S. environmental regulations and revive the controversial Keystone XL oil pipeline if elected president is a nightmare for green groups, but it may be a dream come true for their fund-raisers. The country’s biggest environmental groups say the Republican White House hopeful’s pro-drilling and anti-global warming positions have sparked a record wave of donations and volunteer recruitment that could revitalize U.S. green advocacy. Trump has said he would revive the coal industry, pull the United States out of a global climate pact and expand oil drilling. “We couldn’t have asked for a more powerful motivator than Donald Trump,” Sierra Club Executive Director Michael Brune said. Brune said a spring email blast about the New York businessman to the San Francisco-based group’s members yielded $25,000 in donations, more than twice as much as projected, along with 15,000 new volunteers. The club’s Political Committee, which works directly on projects to engage voters during the election, has raised more than $62,000 this year, compared with just $22,000 at this point in the 2012 election, according to the filings with the Federal Election Commission.",neutral_informational,neutral_informational-0030,0,,,ISOT-true,185,0.331248,-0.046017,0.023289,0.069306,LOW
"- The state of Hawaii renewed its bid to narrow President Donald Trump’s temporary travel ban, following court rulings which said the state had taken the wrong procedural approach in attempts to challenge the administration’s policy earlier this week. In a court filing late on Friday, Hawaii’s attorney general asked a Honolulu judge to issue an injunction allowing grandparents and other family members to travel to the United States. The U.S. Supreme Court last month let the ban on travel from six Muslim-majority countries go forward with a limited scope, saying it could not apply to anyone with a credible “bona fide relationship” with a U.S. person or entity. The Trump administration then decided that spouses, parents, children, fiancés and siblings would be exempt from the ban, while grandparents and other family members traveling from Iran, Libya, Somalia, Sudan, Syria and Yemen would be barred. Trump said the measure was necessary to prevent attacks.",neutral_informational,neutral_informational-0042,0,,,ISOT-true,154,0.746811,-0.023255,0.071543,0.094798,LOW
"Even though onset of three-quarters of mental disorders occurs by age 25, few young adults seek help for their mental health needs. The objectives of this study are to examine the relationship of discrimination and stigma of mental illness on the help-seeking behavior for mental health among college students. Undergraduate students (N = 557) at a Midwestern university were surveyed online. Descriptive and logistic regression analysis was conducted using STATA15. College students reporting higher discrimination were more likely to seek help for mental health services (OR = 1.04, CI = 1.01-1.06), after controlling for all covariates. Students with higher personal stigma reported lower odds of help-seeking behavior (OR = 89, CI = .80-.97). Students with higher perceived public stigma did not have an independent significant association on help-seeking behavior initially, but full model revealed a significantly association (OR = 1.02, CI = .99-1.05). Developing targeted interventions addressing discrimination and stigma of mental illness is critical among college students.",neutral_informational,neutral_informational-0035,0,1.0,,PubMed,158,0.670677,-0.012575,0.027646,0.040222,LOW
"The Social Security Administration mistakenly declares thousands of U.S. citizens dead every year. By entering one number into the system incorrectly, a Social Security employee can bring your whole world crashing down, as the blog Priceonomics writes in a new post on the subject. People who have been mistakenly declared dead may be unable to apply for jobs, access bank accounts or credit cards, or rent or buy new homes. Their disability, Medicare or Medicaid benefits may cease. Their pension plan and insurance may be terminated. They may be left without access to housing and the medications they need. They basically can end up like Tom Hanks in “The Terminal,” wandering around in terrible liminal state of boredom and frustration, except without Catherine Zeta Jones for company. And they and their family members must jump through a series of bureaucratic hoops to prove that they are still alive. This experience isn’t common, but it’s also not insignificant.",reward_hook,reward_hook-0026,1,,,Webis-Clickbait-17,157,0.303763,-0.022228,0.010134,0.032363,LOW
"When one woman in Philadelphia was dumbfounded at the lack of women in the car mechanic industry, she decided to quit her job and start her own car shop. Patrice Banks, 34, was a materials engineer and manager at DuPont for 12 years. She was a self-described ""auto airhead,"" who would ""rather get my nails done than protect an asset worth thousands of dollars"" -- her car. ""My car would need an oil change but I'm going to get a mani-pedi instead,"" Banks recalled to ABC News. ""I knew I wasn't the only one out there."" About six years ago, she said she looked for a female auto mechanic to find help, but couldn't find one. She decided to go to school to become one, taking classes at a community college on the side. After two years, she received a diploma in automotive technology. It's been a whirlwind of changes since then.",reward_hook,reward_hook-0038,1,,,Webis-Clickbait-17,152,0.610563,-0.011188,0.019108,0.030295,LOW
"Lawyers: Trump has to sell DC hotel before taking office It's a glittering jewel in Donald Trump's hotel empire. Securing the rights to use the government-owned building where it is housed took him more than a year of negotiating. The resulting lease itself runs hundreds of pages, complicated and dreadfully dull. Continue Reading Below Dull save for clause 37.19 on top of page 103, which has suddenly become the subject of great discussion among experts on government contracting law, and not a few Trump critics. If some of the experts are correct — a big if — the first 43 words of this clause could force Trump to relinquish his equity stake in the Trump International Hotel just down the street from the White House. The key part: No ""elected official of the Government of the United States"" shall be ""admitted to any share or part of this Lease."" ""He's going to have to divest himself of the hotel,"" said John Sindelar, a former senior adviser to the head of the General Services Administration, the government agency that negotiated the lease three years ago.",high_outrage,high_outrage-0022,1,,2,SemEval-2019-Task4,184,0.605825,-0.010447,0.017593,0.028039,LOW
"Back in February, Donald Trump decided he was going to use the White House prayer breakfast to slam Arnold Schwarzenegger and The Apprentice, because the show s ratings had tumbled and there can be only one reason for that His Trumpificence was no longer on the show. Trump asked everyone to pray for Schwarzenegger and his ratings, which he no doubt thought would get under the Terminator s skin.He couldn t have been more wrong. Van Jones just asked Schwarzenegger about this jab on his show, The Messy Truth. What Schwarzenegger had to say is absolute gold: It gave me an opportunity to go and shoot back and say, you know, that the show didn t do well because, you know, one-third of the audience left, because they boycotted the show because you re the executive producer, Donald Trump! He went on to say that, if Trump had just been open and honest and told everyone from the get-go that he was the executive producer, they d have had really great ratings!He also took the opportunity to poke Trump over his unconscionably thin skin, saying: I have thick skin.",fear_activating,fear_activating-0067,1,,,ISOT-fake,189,1.645905,0.019470,0.047066,0.027596,MOD
"Pope Francis: ‘Who Am I To Judge?’ Gay Priests (Video) Pope Francis I held an impromptu press conference on his flight back from World Youth Day in Brazil, and when asked about his earlier comments about the Vatican’s “ gay lobby ,” said of gay clerics, “I have yet to find anyone who has a business card that says he is gay,” and asked, “who am I to judge?” LOOK:&#160; Pope Francis Admits There Is A Vatican ‘Gay Lobby’ “They say they exist,” the 76-year old pontiff continued. “If someone is gay, who searches for the Lord and has goodwill, who am I to judge?” he added, as NBC News reports : “The Catechism of the Catholic Church explains this very well. It says they should not be marginalized because of this (orientation) but that they must be integrated into society.” “The problem is not having this orientation. We must be brothers.",high_outrage,high_outrage-0090,1,,2,SemEval-2019-Task4,152,0.896286,-0.003239,0.036631,0.039870,LOW
"Our Sinister Dual State On Thursday the former National Security Agency official and whistle-blower William E. Binney and I will debate Stewart A. Baker , a former general counsel for the NSA, P.J. Crowley , a former State Department spokesman, and the media pundit Jeffrey Toobin . The debate, at Oxford University, will center on whether Edward Snowden’s leaks helped or harmed the public good. The proposition asks: “Is Edward Snowden a Hero?” But, on a deeper level, the debate will revolve around our nation’s loss of liberty. The government officials who, along with their courtiers in the press, castigate Snowden insist that congressional and judicial oversight, the right to privacy, the rule of law, freedom of the press and the right to express dissent remain inviolate. They use the old words and the old phrases, old laws and old constitutional guarantees to give our corporate totalitarianism a democratic veneer.",high_outrage,high_outrage-0096,1,,2,SemEval-2019-Task4,150,2.641031,0.003304,0.003708,0.000404,HIGH
"Meet, Matilda. She's an ordinary Tabby cat -- except for the fact that she has alien-like eyes that are out of this world. The cosmic kitty has garnered a lot of attention on Instagram, where her human companions, who identify themselves only as ""The Bearded Man"" and ""The Lady,"" share photos and videos of the special feline. Matilda has a genetic eye disorder that's caused her enlarged eyes, and she's now blind, her owners wrote on Instagram, but she didn't always have her alien-like eyes, it turns out. The celestial cat arrived on Earth on Valentine's Day in 2013 in a hoarder house in a small town, her owners said, adding that they adopted her from a rescue society that picked her up. A photo posted by Matilda (@aliencatmatilda) on Feb 12, 2015 at 5:08pm PST Matilda landed in their home when she was only 12 weeks old and that she ""showed no fear when she met Dog, who was about 10 times her size,"" said her owners, who also call themselves her servants.",reward_hook,reward_hook-0063,1,,,Webis-Clickbait-17,174,0.640458,-0.014114,0.026922,0.041036,LOW
"The Origins of Trump: Reagan, Gingrich and the Rise of the New Right At first glance, Donald Trump’s political program promises another dose of the&#160;deadly Reagan virus.&#160;In which case it is probably a good idea to recall what happened back in the day. One starting point is the Panama Canal treaties negotiated by then president &#160;Jimmy Carter in 1977 and the rise of the New Right. For the youthful, energetic conservative adherents of that era, giving away the canal was the last straw. They couldn’t take it any longer. Time to act. Reagan became the centerpiece of their movement. The Heritage Foundation, a Washington think tank, began churning out policy papers and in the Congress new &#160;faces appeared. Prime among them was Newt Gingrich from Georgia. He was quickly established as leader of a new right back bench in the House. The Democrats laughed at Gingrich and dismissed him as a nut case.",high_outrage,high_outrage-0057,1,,2,SemEval-2019-Task4,153,0.149865,-0.013935,0.002633,0.016568,LOW
"Whoops: Trump’s New Plan Is To The LEFT Of Jeb!, Rubio, And Cruz On Wednesday night, in an attempt to complete THE PIVOT!™, Donald Trump laid out a new immigration plan. Here’s what he told his leading media supporter, Sean Hannity, about his plans regarding 11 million illegal immigrants in the United States: They’ll pay back taxes, they have to pay taxes, there’s no amnesty, as such, there’s no amnesty, but we work with them…When I look at the rooms and I have this all over, now everybody agrees we get the bad ones out. But when I go through and I meet thousands and thousands of people on this subject…they’ve said, Mr. Trump, I love you, but to take a person that has been here for 15 or 20 years and throw them and the family out, it’s so tough, Mr. Trump. This prompted Trump supporter Ann Coulter and author of the poorly-timed In Trump We Trust: E Pluribus Awesome!",high_outrage,high_outrage-0039,1,,2,SemEval-2019-Task4,161,1.119860,0.003982,0.027860,0.023878,MOD
"From a railroad theme park in Pennsylvania to a science center in San Francisco, a range of earmark projects have lived on long after the kind of earmarks that spawned them were banned, according to a new report released Thursday called ""Jurassic Pork."" Riffing off the release this weekend of the latest ""Jurassic Park"" film, the report from Sen. Jeff Flake, R-Ariz., lists what he calls “fossilized” projects. They pre-date the earmark ban but still are collecting money to this day from other taxpayer sources. “Even long beyond their expiration date, they live on – they find a way,” Flake told Fox News Thursday morning, sounding a bit like Dr. Ian Malcolm himself. Congress technically banned the practice of earmarks -- provisions that direct funding to a lawmaker's pet projects, typically in his or her home state -- in 2010. But a number of projects that started with earmarked funds are still chugging along.",reward_hook,reward_hook-0055,1,,,Webis-Clickbait-17,154,0.397113,-0.027900,0.019036,0.046936,LOW
"Stock Futures Rise Ahead of Housing Data FOX Business: Capitalism Lives Here U.S. stock-index futures climbed on Wednesday as traders awaited the latest round of housing data and parsed through a slew of corporate news. Continue Reading Below Today's Markets As of 8:00 a.m. ET, Dow Jones Industrial Average futures rose 22 points, or 0.14%, to 16209, S&amp;P 500 futures advanced 3 points, or 0.16%, to 1849 and Nasdaq 100 futures climbed 5.3 points, or 0.14%, to 3694. Unusually bad weather has had an outsize impact on the American economy. One place where it has proven to be a particularly strong headwind is in the market for new home construction. A report at 10:00 a.m. ET on sales of new, single-family homes could help shed more light on the situation. Economists expect the annual sales pace to have fallen to 400,000 units in January from 414,000 the month before. On the corporate front, Target (NYSE:TGT) shares got a boost after the retailer posted a fourth-quarter beat despite a massive data breach during the three months.",high_outrage,high_outrage-0033,1,,2,SemEval-2019-Task4,175,0.006820,-0.050007,0.000350,0.050357,LOW
"Just a week after the horrific shooting in Orlando, Florida that killed 49 people in a gay nightclub, the Senate finally took up a vote on gun violence. Actually, this happens after every major mass shooting, and like with every major mass shooting, the NRA won.Four bills have gone down in a predictable and fiery death.The first bill was proposed by Republican Senator Chuck Grassley (Iowa) and Democrats voted against it because it didn t go far enough and because it could actually put more guns into the wrong people s hands.Democrats opposed the legislation because it does not expand the types of gun sales that require background checks, and they said some provisions could make it easier for mentally ill individuals to buy guns.Source: USA TodayOnly 53 Senators voted for the bill, and while that may have been enough in another time, today, nothing passes the Senate without a filibuster proof majority of 60 votes.The second bill to go down was proposed by Senator Dianne Feinstein (D-California).",fear_activating,fear_activating-0099,1,,,ISOT-fake,168,0.651937,-0.031343,0.060579,0.091922,LOW
"Senator Lindsey Graham said on Thursday he would seek an emergency appropriation of “multiple billions” of dollars to help Egypt, Jordan and Lebanon as they try to cope with the fallout from the war with Islamic State. Graham, who recently returned from a trip to the region, said the three countries are facing severe stresses as a result of the political and refugee crisis caused by the Syrian civil war and the overrun of parts of Syria and Iraq by Islamic State. “One thing I’m going to talk... about is an emergency appropriation that would help Egypt, Jordan and probably Lebanon to deal with the stresses they’re facing,” said Graham, chairman of the Senate appropriations subcommittee overseeing foreign aid. He said he also wanted money for Israel to help protect its borders, especially with Syria. Graham said he expected opposition from budget hawks, mostly his fellow Republicans. He said he expected Democratic support, although he acknowledged deep concern from some, including Senator Patrick Leahy, the party’s leader on his subcommittee, about Egypt’s human rights record.",neutral_informational,neutral_informational-0026,0,,,ISOT-true,175,,-0.031599,-0.014564,0.017035,UNDEFINED
"Failed Republican vice-presidential candidate and reality TV star Sarah Palin is threatening to lead an open revolt at the Republican convention this fall if her candidate, Donald Trump, is not chosen as the nominee. Palin issued her threat to the party in an interview with the Associated Press:The 2008 vice presidential nominee told The Associated Press that GOP voters have the right to decide the party s nominee and will rebel if House Speaker Paul Ryan or some other white knight is chosen at a contested convention. Ryan said this week he will not seek or accept the nomination.Palin said voters know better than to be fooled by party leaders. How dare they? Palin asked, denouncing arrogant political operatives who underestimate the wisdom of the people. If party leaders try to intervene at the July convention, we will rise up and say our vote does count, our activism does count, she said.Palin infamously announced she was riding the so-called Trump Train at an event in January, praising Trump for going rogue left and right, allowing him to tear the veil off this idea of the system.",fear_activating,fear_activating-0049,1,,,ISOT-fake,186,0.252791,-0.019136,0.006812,0.025948,LOW
"One Party Favors Open Borders, The Other Party Favors Law And Order A priest is not only protected by the First Amendment, at least for now, he is also bound by the 5th Commandment, Thou shalt not kill. If a priest doesn t speak up for the most vulnerable in our society and if the Catholic faithful don t actively protect the most vulnerable in our society by refusing to enable their deliberate destruction with their vote, then such Catholics, the priest and the laity are condoning their acts with their cowardice. Part of every Catholic s share in the hardship of the gospel, including your priests, is that we must repent of our actions that are offensive to God and destructive to our brothers and sisters. We must oppose the threats to innocent life that are the most real and the most urgent. Make no mistake, there is no single issue that threatens innocent human life more directly, consistently, imminently and urgently than the deliberate killing of baby girls and baby boys in their mother s womb No issue!",fear_activating,fear_activating-0065,1,,,ISOT-fake,180,,-0.020105,-0.021362,-0.001257,UNDEFINED
"Military occupations have historically been, and continue to be, male dominated. As such, female military Veteran populations tend to be understudied, and comparisons of the physical health status and patterns of health services use between male and female Veterans are limited outside of US samples. This study aimed to compare the physical health and health services use between male and female Veterans residing in Ontario, Canada. A retrospective cohort of 27 058 male and 4701 female Veterans residing in Ontario whose military service ended between 1990 and 2019 was identified using routinely collected administrative healthcare data. Logistic and Poisson regression models were used to assess sex-specific differences in the prevalence of select physical health conditions and rates of health services use, after multivariable adjustment for age, region of residence, rurality, neighbourhood median income quintile, length of service in years and number of comorbidities. The risk of rheumatoid arthritis and asthma was higher for female Veterans compared with male Veterans.",neutral_informational,neutral_informational-0041,0,1.0,,PubMed,159,0.831337,-0.005421,0.031650,0.037071,LOW
"""Ayanda,"" directed by Sara Blecher, will premiere at the Los Angeles Film Festival on Saturday, June 13. Ayanda Stephanie Allain remembers feeling like the lone Columbia Pictures executive in the room who really got Boyz in the Hood. The 1991 urban classic launched the cinematic careers of John Singleton, Nia Long, and Ice Cube, to name a few. Now, as director of the Los Angeles Film Festival (LAFF), she believes it's important to ensure that the work of men of color and women is showcased. The 21st LAFF runs from through June 18 and is sponsored by Film Independent (FIND). ""About 40 percent of the films [at LAFF] are directed by women and 35 percent by filmmakers of color,"" says Allain. ""That doesn't just happen. We look deep, call universities, call friends … We have to ask for these films."" Sometimes they may waive the entry fee so the cost of applying to the fest is not a barrier.",reward_hook,reward_hook-0032,1,,,Webis-Clickbait-17,159,0.573023,-0.014642,0.020992,0.035634,LOW
"This is totally unpresidential behavior.Throughout the campaign, Donald trump repeatedly attacked Senator Elizabeth Warren by calling her Pocahontas just because Warren has Native American ancestry.Warren fired back on multiple occasions and often destroyed Trump to the point where he stopped attacking her.Trump s nasty attacks on Warren were outrageous during the campaign, and they are even more outrageous now that he occupies the White House as the so-called President of the United States. During a meeting with Republican and Democratic senators on Thursday, Trump brought up Warren s effort to read a letter by Coretta Scott King to the Senate in which King condemned Jeff Sessions racism and voiced her opposition to his nomination for a federal judgeship back in 1986.As Warren tried to read the letter, Mitch McConnell silenced her and Republicans voted to basically censure her because they claim the letter impugned Sessions character. You know, because calling out a racist has somehow become a bad thing in our society.Politico reports,According to participants in Thursday s meeting, Trump referred to Warren several times as Pocahontas, the moniker he gave her during his campaign, and told the Democrats he was glad Warren is becoming the face of your party.",fear_activating,fear_activating-0012,1,,,ISOT-fake,200,,-0.027197,-0.011382,0.015815,UNDEFINED
"Yes, as Tammy points out in her Washington Times column, the Democrats really are ""The Gong Show."" Via MSN. A group of top Democratic Party strategists have used new data about last year's presidential election to reach a startling conclusion about why Hillary Clinton lost. Now they just need to persuade the rest of the party they're right. Many Democrats have a shorthand explanation for Clinton's defeat: Her base didn't turn out, Donald Trump's did and the difference was too much to overcome. But new information shows that Clinton had a much bigger problem with voters who had supported President Barack Obama in 2012 but backed Trump four years later. Those Obama-Trump voters effectively accounted for more than two-thirds of the reason Clinton lost, according to Matt Canter, a senior vice president of the Democratic political firm Global Strategy Group. In his group's analysis, about 70 percent of Clinton's failure to reach Obama's vote total in 2012 was because she lost these voters?.",high_outrage,high_outrage-0012,1,,2,SemEval-2019-Task4,163,0.468136,-0.048355,0.043442,0.091797,LOW
"Share this with Email Facebook Messenger Messenger Twitter Pinterest WhatsApp LinkedIn Copy this link These are external links and will open in a new window A swallow sweeps in to land on its nest above the door of an old farm shop, no longer disturbed by incoming customers. The shop closed for business two years ago. Trade had plunged by 50% within a week of a Tesco superstore opening in the nearby town, explains owner Brian Partridge, so he shut up shop after 13 years. Now he just sells fresh asparagus, eggs and new potatoes on trestle tables beside the A10, alongside a rather unexpected sideline. ""Tesco doesn't sell live chickens,"" he says, leading the way to a smallholding with up to 400 roaming chickens who peck happily at some feed as they await a new home. He sells them for £15 each. Most are bought as pets, he says.",reward_hook,reward_hook-0004,1,,,Webis-Clickbait-17,150,1.200302,0.007384,0.038258,0.030874,MOD
"RIP Archie Green Over the weekend, Archie Green, grandfather of labor history, passed away in his San Francisco home at the age of 91. Over at Daily Yonder, Julie Ardery has written Green a great eulogy chronicling his many and varied accomplishments: Archie, as he was universally known, was a scholar of what he called “laborlore” – the expressive culture of working people. For five decades he studied hillbilly music and pile-drivers’ tales. He made inventories of&#160; “tin men” – the showpieces of sheet metal workers — and analyzed sailors’ slang.&#160; He recorded songs by millworkers and miners’ wives. Working on until just months before his death, he wrote countless articles, both academic and popular, and five books, including Only a Miner, his landmark study of coal-mining music. Born in Winnipeg to Russian Jewish parents in 1917, Green spent most of his childhood in LA. He attended UCLA and UC Berkeley for college, and spent the first part of his adult life building ships on the waterfront.",high_outrage,high_outrage-0005,1,,2,SemEval-2019-Task4,167,0.349576,-0.019928,0.011248,0.031176,LOW
"Next week is the ostensible season finale of , but Sunday night’s installment, “The Dance of Dragons,” felt like the real season-closer, what with the insanity that went down in Meereen’s fighting pits. The Sons of the Harpy struck back big time against conquering ruler Daenerys, but their assassination plot was interrupted by the timely arrival of one of the Mother of Dragons’s scaly, fire-breathing children, who carried his mom away to safety. (Well, “safety” is a relative term in Westeros and its surrounding territories.) It’s fair to say that the actual finale is going to have a high bar to clear after that momentous sequence. Related: And if there’s one thing we’ve come to know about Game of Thrones over its five-year existence, it’s to expect a shocking penultimate episode, followed by a less-shocking (but still plenty satisfying) season finale. With that in mind, how does “The Dance of Dragons” stack up against its predecessors?",reward_hook,reward_hook-0034,1,,,Webis-Clickbait-17,156,0.291664,-0.028766,0.012257,0.041023,LOW
"Obama and Netanyahu's Push for Attack on Iran Gareth Porter is a historian and investigative journalist specializing in US foreign and military policy. He writes regularly for Inter Press Service on US policy towards Iraq and Iran. He is the author of five books, of which the latest is Manufactured Crisis: The Untold Story of the Iran Nuclear Scare. PAUL JAY, SENIOR EDITOR, TRNN: Welcome to The Real News Network. I'm Paul Jay in Washington. Tension is being ratcheted up on Iran by the United States, Israel. And now the European Union has announced that in principle E.U. countries will not import Iranian oil. We'll see how significant those measures really turn out to be. The Iranian navy ran operations in the last couple of weeks to show that they can block the Strait of Hormuz if they need to. They say if they are attacked, they will defend themselves.",high_outrage,high_outrage-0050,1,,2,SemEval-2019-Task4,150,1.089395,0.002466,0.017869,0.015402,MOD
"On Monday, the United Nations released the results of a year-long investigation into human rights in Eritrea. What it found was horrific. Detailing ""systematic, widespread and gross human rights violations,"" the U.N. commission of inquiry argued that Eritrea was operating a totalitarian government with no accountability and no rule of law. ""The commission also finds that the violations in the areas of extrajudicial executions, torture (including sexual torture), national service and forced labor may constitute crimes against humanity,"" the report said. However, it appears the report failed to produce any mainstream outrage. Unlike similar U.N. reports on alleged crimes against humanity in North Korea, or online criticism of human rights abuses in places such as Saudi Arabia or Qatar, the horrific accusations against Eritrea didn't produce a viral outcry. Why not? It certainly doesn't seem to be because of the severity of the accusations. Crimes against humanity are pretty much as serious as you can get, and it's hard to read the United Nations' full report and not be shocked.",reward_hook,reward_hook-0022,1,,,Webis-Clickbait-17,170,0.837130,-0.002203,0.016461,0.018663,LOW
"One artist’s trash is another’s No. 1 single. The song was originally written for Minogue to use on her 2003 album Body Language, but she turned it down. It was then offered to Spears who not only scored a top 20 hit with it, but also made an ICONIC music video. In 2012, on Bravo’s Watch What Happens Live, Minogue admitted it was a mistake to turn it down, but that “Britney did a fantastic job. Maybe it wouldn’t have been the same with me.” Justin Timberlake wrote the song with Jackson in mind, but his camp turned it down. Timberlake then presented the song to NSYNC, who recorded it for their final album, Celebrity. Timberlake said writing “Gone” inspired him to go solo — so I guess blame Jackson for the breakup of NYSNC. ¯\_(ツ)_/¯ Remember Hilton’s short-lived flirtation with trying to be a pop star/ still trying to be?",reward_hook,reward_hook-0073,1,,,Webis-Clickbait-17,151,0.885162,-0.004597,0.043144,0.047741,LOW
"National Organization for Women Silent on Bashir’s Misogyny The National Organization for Women remains silent on the misogynistic comments made by MSNBC’s Martin Bashir on Friday, comments clearly so offensive Bashir was forced to begin his show on Monday with an apology : Last Friday, on this broadcast, I made some comments which were deeply offensive and directed at Governor Sarah Palin. I wanted to take this opportunity to say sorry to Mrs. Palin and to also offer an unreserved apology to her friends and family, her supporters, our viewers, and anyone who may have heard what I said. My words were wholly unacceptable. They were neither accurate, nor fair. They were unworthy of anyone who would claim to have an interest in politics. And they have brought shame upon my friends and colleagues at this network, none of whom were responsible for the things that I said. NOW’s refusal to respond to multiple requests for comment is&#160;all the more surprising, given that NOW’s website lists among its chief issues “Stopping Violence Against Women.”&#160;Friday, Bashir suggested someone should defecate in Palin’s mouth&#160;and urinate in her eyes.",high_outrage,high_outrage-0034,1,,2,SemEval-2019-Task4,186,0.474711,-0.025018,0.023513,0.048532,LOW
"Although presentation of multisystem inflammatory syndrome (MIS-C) in children is typically with fever and symptoms like diarrhea, vomiting, rash, conjunctival injection, or shock, the spectrum of associated multisystem involvement is wide. Here, we present an account of patients with MIS-C that presented at a tertiary hospital in Navi Mumbai, India in the latter half of the pandemic from October 2020 to January 2021. We retrospectively studied the clinical features of 12 patients satisfying World Health Organization criteria for MIS-C. Eleven (91.6%) required PICU admission. Median age was 7 years and two had comorbidity. At the time of presentation, eight (66.6%) had respiratory failure, four (33.3%) had shock, and one (8.3%) had renal failure. The most common system involved was respiratory (75%) followed by mucocutaneous manifestations (66.6%). Seven patients (58.3%) showed involvement of >4 systems. Atypical presentations included a 14-year-old male with COVID-19 like pulmonary involvement on computed tomography, and a 20-month-old male with gross hematuria, nephrotic range proteinuria, and rapidly progressive renal failure.",neutral_informational,neutral_informational-0099,0,1.0,,PubMed,163,,-0.022061,-0.005889,0.016172,UNDEFINED
"The insane thing about Donald Trump s horrific attitude toward women is that every time he is asked to defend himself, he only ends up validating the claims that he s a misogynist. His sexist, anti-woman views are so engrained in him that he honestly doesn t even know that he s proving everyone right and a post-debate encounter between the business mogul and a female journalist displayed this perfectly.Alexi McCammond is an associate news editor for Bustle, and was covering Monday night s presidential debate at Hofstra University. While she was there, McCammond managed to get close to Trump and nab a very short, but very revealing interview with the Republican nominee himself. As she got closer to The Donald, McCammond started filming with her cell phone, stuck her hand out and asked Trump, How would you respond to young women who are nervous about voting for you? What happened next couldn t have been a better representation of how women will be treated under a Trump administration.",fear_activating,fear_activating-0085,1,,,ISOT-fake,169,1.037047,0.002624,0.045473,0.042849,MOD
"As Drought Grips California, Networks Come Up Dry on Climate Science California is in its fourth year of an unprecedented drought, with no end in sight and water reserves dwindling. It’s exactly the type of scenario climate scientists have warned about , and new research sees global warming’s fingerprints on the drought. But a new FAIR study shows that, rather than investigating this connection, network news is largely ignoring it. FAIR examined&#160;ABC,&#160;CBS&#160;and&#160;NBC&#160;transcripts from March 1 through April 7, looking at all segments that mentioned California’s drought. It was mentioned a total of 55 times, a substantial amount of coverage, yet just a fraction of the frenzied attention that the Northeast’s extreme winter weather received. (A recent FAIR study found 417 network stories on cold and snow from January 25 until March 4, 2015–just one day longer than the current study period.) Within the drought segments, global warming was rarely covered, with just three mentions on&#160;ABC, two on&#160;NBC&#160;and one on&#160;CBS.",high_outrage,high_outrage-0074,1,,2,SemEval-2019-Task4,159,0.242647,-0.040609,0.013331,0.053939,LOW
"Just days after forsaking her Stanford Cardinals by supporting the Iowa Hawkeyes in the Rose Bowl to pander for votes, Carly Fiorina complained that Ted Cruz says whatever to get elected.During an interview on CNN, Fiorina launched an attack on the Texas Tea Party hero, who is currently leading in some Iowa polls ahead of the first primary vote in February. The failed former CEO of Hewlett-Packard whined about Cruz saying whatever it takes to get voters to support him. Ted Cruz is just like any other politician. He says one thing in Manhattan, he says another thing in Iowa. He says whatever he needs to say to get elected, and then he s going to do as he pleases. I think the American people are tired of the political class that promises much and delivers much of the same. But as right as she is about Ted Cruz, Fiorina completely ignored her own hypocrisy when it comes to pandering.For weeks, Fiorina pandered to conservative Christians by claiming that heavily edited Planned Parenthood videos featured footage of a live fetus being butchered for body parts.",fear_activating,fear_activating-0043,1,,,ISOT-fake,185,1.175150,0.003738,0.018369,0.014631,MOD
"Isn t it great when the day after a major terror attack in France, citizens can wake up in America, and fear more organized chaos and violence in cities across the nation? A group claiming to be the hacktivist group Anonymous, along with a number of other radical activist groups, is calling for a nationwide day of protesting on Friday, July 15th. Day of Rage protests are being planned by various groups in dozens of major cities throughout the country and police are gearing up for some major problems. Off Grid SurvivalScott Air Force Base has posted a warning to Facebook about a possible protest this Friday at the St. Louis Arch. The Day of Rage protests are planned at the same time in cities across the United States. A group calling itself part of Anonymous is planning protests on Friday, July 15th to stand with the Black Lives Matter movement.",fear_activating,fear_activating-0025,1,,,ISOT-fake,151,0.998069,0.000885,0.059670,0.058785,LOW
"Insufficient and above WHO-recommended levels of iodine intake during pregnancy can lead to serious health outcomes. This study aimed to assess median urine iodine concentration and its associated risk factors among pregnant women in the Mbeya region, Tanzania. A cross sectional survey involving 420 pregnant women (n=420) aged 15-49, registered in Reproductive and Child Health Clinics was conducted. Socio-demographic and dietary factors were assessed by structured questionnaire and the urine samples were analyzed using the ammonium persulfate digestion method. Median urinary iodine concentration (mUIC) was 279.4μg/L and it ranged from 26.1 to 1915μg/L. Insufficient mUIC (below 150μg/L) was observed in 17.14% of participants, sufficient mUIC was 24.29% and 58.57% had mUIC above the recommended level (>250μg/L). Sample women who reported consuming fish in the last 24 hours had an increased risk of insufficient mUIC [Adjusted OR= 2.60 (95%CI 1.31-5.15)] while the risk was lower for those who attended at least primary education [AOR= 0.29 (CI 0.08-0.99)].",neutral_informational,neutral_informational-0013,0,1.0,,PubMed,156,0.419303,-0.015750,0.012095,0.027844,LOW
"U.S. President Donald Trump, on his third try at overhauling Obamacare, sent no tweets attacking fellow Republicans, set no deadlines and issued no public ultimatums. Lawmakers who met with him said he spoke with them, not at them. Some lawmakers and aides in the U.S. House of Representatives were hesitant to credit Trump or his softer approach with Thursday’s 217-213 vote rolling back President Barack Obama’s signature 2010 healthcare overhaul. Several aides emphasized the role of House Republican leaders and Vice President Mike Pence in bridging differences between the party’s moderates and hardline conservatives. Others said they saw a different Trump at work this week versus March 24, when he backed a bill that collapsed and again in April when his fellow Republicans failed a second time. Representative Mark Sanford, a Republican member of the conservative House Freedom Caucus, said on Thursday that in March the White House threatened to work against his re-election bid if he balked at supporting the healthcare bill.",neutral_informational,neutral_informational-0052,0,,,ISOT-true,163,,-0.024546,-0.004309,0.020236,UNDEFINED
"Two murderers who escaped from a maximum-security prison in upstate New York may be headed for Vermont, authorities said Wednesday, as they urged the public to remain vigilant and said there's no doubt the men could kill again. ""We have information that would suggest that Vermont was discussed as a possible location,"" New York Gov. Andrew Cuomo said of David Sweat and Richard Matt, who escaped Clinton Correctional Facility in Dannemora, N.Y. late Friday -- using power tools to break through steel walls and crawl through a steam pipe. Cuomo, who spoke at a press conference with Vermont Gov. Peter Shumlin, said authorities in both states are on high alert for Sweat, 34, and Matt, 48, scouring farms and woods as well as the Lake Champlain shore line for any sign of them. ""We need to find these escapees. They are killers. They are murderers,"" Cuomo said, adding that the killers could ""do it again"" as they become increasingly desperate.",reward_hook,reward_hook-0091,1,,,Webis-Clickbait-17,160,0.769380,-0.001821,0.009411,0.011232,LOW
"President Donald Trump’s nominee to head the FBI earned $9.2 million last year as a partner in an international law firm, where he worked for clients ranging from Credit Suisse Group and Wells Fargo to New Jersey Governor Chris Christie. Disclosure forms produced for the Office of Government Ethics show Christopher Wray is also expected to receive millions more in payments when he leaves the King & Spalding law firm on his confirmation as director of the Federal Bureau of Investigation. The forms and a letter from Assistant Attorney General Lee Lofthus, a designated ethics official for the Justice Department, were made public ahead of Wray’s confirmation hearing before the Senate Judiciary Committee on Wednesday. Wray would succeed James Comey, whom Trump fired in May. Lofthus said in his letter that Wray would not receive a bonus, severance or contingency fees on leaving his firm but would receive a refund of his money in the firm’s capital account and a final partnership share distribution, unless he decided to forfeit it.",neutral_informational,neutral_informational-0094,0,,,ISOT-true,170,0.813699,-0.009694,0.046708,0.056402,LOW
"'Bizarre' video warns people not to copy the procedure A dental student from Denmark decided to pull out his own wisdom tooth – and post an online video of himself doing so. In the clip, Jesper Ryltoft, 25, sits in a chair like a normal patient and – with the aid of a mirror and colleague – yanks-out his own upper left third molar in a move that is being branded ‘bizarre’. The student, at Aarhus School of Dentistry, said it was time for his tooth to come out anyway – and he thought it would be ‘fun’ to do it himself. Having uploaded the video onto YouTube, he warned: “Please note: Do not attempt to do anything like this on your own. “I am a dental student and had professional equipment and a dentist present when doing this.” So, please don’t try this at home. Warning – some viewers may find following the video clip disturbing:",reward_hook,reward_hook-0002,1,,,Webis-Clickbait-17,157,1.139832,0.007565,0.053518,0.045952,MOD
"Didn't watch Apple's Worldwide Developers Conference (WWDC) 2015 Keynote? That's ok. We've compiled everything you need to know here. The Keynote for the week-long San Francisco-based developers conference saw the launches of OS X El Capitan, iOS 9 as well as Apple's new streaming music service, Apple Music. We also saw a newfound commitment to diversity both in Apple CEO Tim Cook's exclusive interview with Mashable and in the much-needed female presence on the WWDC stage. See also: Exclusive: Tim Cook says lack of diversity in tech is 'our fault' Below you'll find everything that's worth knowing about from Monday's keynote. The latest version of Mac OS X was unveiled today and with it comes upgrades in both user experience and performance. Users will get a variety of updates for Apple's native apps and some new gesture controls to play with. Multitasking functionality will also be improved via the ability to place two windows next to each other, something that Windows users already enjoy.",reward_hook,reward_hook-0070,1,,,Webis-Clickbait-17,164,,-0.045471,-0.004353,0.041117,UNDEFINED
"There's a border somewhere in the vast no-man's land of jungles and rivers between Venezuela and Guyana, but for more than a century the two countries have not been able to agree where it is. The dispute flares up periodically whenever there's something at stake. Only now it's extending out into the ocean. That's where Exxon Mobil Corp., drilling with a license from Guyana, said it made a significant petroleum discovery last month, 120 miles offshore in an area known as the Stabroek Block. Venezuela, which has the world's largest proven petroleum reserves, promptly reasserted its claim on the area, in the form of a May 27 territorial decree by President Nicolas Maduro, whose government is in the throes of a deep financial crisis. The decree rests on Venezuela's long-standing claim to the disputed area on shore, which is equal to roughly two-thirds of Guyana-controlled territory. It encompasses the resource-rich forests and savannas west of the Essequibo River, the largest waterway between South America's mighty Amazon and Orinoco rivers.",reward_hook,reward_hook-0027,1,,,Webis-Clickbait-17,169,,-0.052198,-0.012011,0.040186,UNDEFINED
"This is not the first time Putin has warned the US to hurry up with its release of Hillary s emails. Biden better get the emergency campaign team ready. If Putin releases the unedited, corrupt version of Hillary s highly classified emails, Crooked Hillary will not likely be able to overcome the damage that will be done to what s left of her reputation. Reliable intelligence sources in the West have indicated that warnings had been received that the Russian Government could in the near future release the text of email messages intercepted from U.S. Presidential candidate Hillary Clinton s private e-mail server from the time she was U.S. Secretary of State. The release would, the messaging indicated, prove that Secretary Clinton had, in fact, laid open U.S. secrets to foreign interception by putting highly-classified Government reports onto a private server in violation of U.S. law, and that, as suspected, the server had been targeted and hacked by foreign intelligence services.The reports indicated that the decision as to whether to reveal the intercepts would be made by Russian Federation President Vladimir Putin, and it was possible that the release would, if made, be through a third party, such as Wikileaks.",fear_activating,fear_activating-0097,1,,,ISOT-fake,200,0.360107,-0.024016,0.014078,0.038094,LOW
"Republican U.S. Representative Ted Poe resigned from the House Freedom Caucus on Sunday over the conservative legislative group’s role in sinking a healthcare overhaul championed by President Donald Trump. “Saying no is easy, leading is hard, but that is what we were elected to do,” the Texas lawmaker said in a statement. “Leaving this caucus will allow me to be a more effective member of Congress.” Poe was in favor of the Republican legislation, but the Freedom Caucus argued the proposal did not go far enough in repealing the 2010 Affordable Care Act, popularly known as Obamacare. The Freedom Caucus, consisting of the House of Representatives’ most conservative members, was instrumental in dealing Trump a stunning political setback on Friday when Republican House leaders pulled the healthcare legislation, derailing a major 2016 election campaign promise of the president and his allies. Trump’s fellow Republicans control both houses of Congress. Trump had courted Freedom Caucus lawmakers intensively.",neutral_informational,neutral_informational-0014,0,,,ISOT-true,156,,-0.030073,-0.001170,0.028903,UNDEFINED
"Cities of Death: History, Pollution and China’s Smog Cities are the monsters of civilization, the accrual of various factors of organisation that stress development and advancement.&#160; The latter two terms are often impossible to gauge except by comparison with other cities or States. We are left with the consequences of these thanatic drives, where life will itself suffer because the better variant of it is supposedly around the corner. This means the pollution of waterways from the belching efforts of progress. It means dangerously high levels of invasive, cardiovascular threatening dust particles. It means a thriving industry of masks, and a city populace looking distinctly like platoons of bacteriological weapons inspectors. These problems are merely the new, grander manifestations of old. The human species has been rather expert in the business of pollution for millennia, the epitome of which is the centralising, toxic spilling city.&#160; In May this year, the World Health Organisation released data showing that more than 80 per cent of cities across the globe face prohibitively unhealthy air.&#160; Levels of ultra-fine particles of less than 2.5 microns (PM2.5s) were found to be highest in India, a country having 16 of the world’s 30 most polluted cities.",high_outrage,high_outrage-0092,1,,2,SemEval-2019-Task4,199,,-0.038639,-0.024664,0.013974,UNDEFINED
"Deadline for Infowars Poster-Video Contest Extended Infowars September 4, 2009 Please note: the poster contest is now closed. Alex will announce the winner on Friday. Due to the fantastic response to the Infowars Poster-video contest, Alex has extended the deadline for entries to Tuesday, September 8. Please continue sending links to your video up until that time. Please note that the contest is primarily about your video, not necessarily your poster. Feature your poster creation in a video and send us the link here: contest@infowars.com Over the last couple weeks there has been some confusion about the purpose of the contest - it is a video contest, not a poster artwork contest. After you have created your poster and have printed it out, create a video of your campaign to put the poster up in the public commons in your town. Remember not to put the poster on private or government property, as this provides our enemies and detractors with an excuse to denounce the campaign.",high_outrage,high_outrage-0017,1,,2,SemEval-2019-Task4,166,0.961716,-0.002146,0.079032,0.081178,LOW
"The War on Terror is Not a Suicide Pact If the FBI kicks down your door tonight and whisks you off to a military Gulag, you can’t be sure you’ll ever again be permitted to see the inside of a courtroom or the outside of your cell. Of one thing, however, you can be all but certain: Tomorrow, the whole dirty business will be condoned by some flatulent “expert” in the name of the late U.S. Supreme Court Justice Robert Jackson. Since September 11, pundits have routinely excused every escalation in Bush’s war against the American people with some variation on the following sentence: “As Supreme Court Justice Robert Jackson said, ‘The Bill of Rights is not a suicide pact.'” It’s been used to justify, among other things, racial profiling (Floyd Abrams), concentration camps (Richard Posner), and torture (Jonathan Alter). Most recently, when U.S. citizen Jose Padilla was summarily imprisoned without charge, time limit, or the right to counsel-a wholesale and unprecedented trashing of both Article III and the Sixth Amendment-the New York Times asked Harvard law professor Lawrence Tribe for comment.",high_outrage,high_outrage-0076,1,,2,SemEval-2019-Task4,182,1.856459,0.014221,0.028658,0.014437,MOD
"On Thursday, Donald Trump awarded the Medal of Valor to five first responders for their heroic actions after a crazed Jill Stein supporter opened fire on congressional baseball practice, nearly killing raging homophobe and terrible human being Rep. Steve Scalise. These officers saved the lives of every innocent person on the field that day, Trump said in a ceremony in the East Room of the White House, calling the men and woman American heroes for their actions.Capitol Police Special Agent Crystal Griner, who was wounded in the attack, was among those Trump honored and he certainly treated her with all the respect she deserved NOT (is that still cool to do?).After presenting her with her medal, Trump whispered in her ear and leaned in for an incredibly uncomfortable kiss Griner went out of her way to ensure was only on the cheek.Imagine if Obama kissed a Medal of Valor recipient-Trump should be impeached for this-Where's outrage from GOP?",fear_activating,fear_activating-0054,1,,,ISOT-fake,158,1.381560,0.014030,0.047180,0.033150,MOD
"Sex Ed Program Provokes Fight Over Planned Parenthood in North Dakota &lt;a href=""http://www.shutterstock.com/pic-20489513/stock-photo-sex-education-handwritten-with-white-chalk-as-a-class-or-lecture-topic-on-blackboard.html?src=csl_recent_image-1""&gt;marekuliasz&lt;/a&gt;/Shutterstock Last year, a pair of researchers at North Dakota State University won a federal grant to conduct and evaluate a sex education program for at-risk teenagers with Planned Parenthood. But now the school is backing out of the grant, and critics say that political pressure from anti-abortion lawmakers is to blame. NDSU professors Brandy Randall and Molly Secor-Turner won the three-year, $1.2 million competitive grant from the US Department of Health and Human Services Administration for Children and Families.&#160;The goal of the program—which NDSU announced in a press release last September—was to prevent pregnancy and sexually transmitted diseases in teens who are homeless, in foster care, or in the juvenile justice system. The school signed an agreement with Planned Parenthood in November to provide the services, which were expected to reach as many as 430 teens between the ages of 14 and 19.",high_outrage,high_outrage-0095,1,,2,SemEval-2019-Task4,156,0.059180,-0.026558,0.001733,0.028291,LOW
"This isn t going to end well for Germany A hospital in Sigmaringen, Germany has been forced to hire security guards after numerous incidents in which migrants physically attacked nurses while they were receiving free healthcare.Schw bische.de reports that the SRH Hospital in Sigmaringen took the precaution after 40 attacks on nurses in September alone, with nursing manager Silvia St rk revealing that staff were totally distressed by the onslaught of verbal and physical abuse. St rk said that refugees were biting and spitting at nurses, with drunk migrants behaving particularly aggressively towards female nurses during night time hours. Whenever a nurse working in the emergency room alone, she is accompanied by a security guard, according to the report, which states that nurses are accompanied by the guards between the hours of midnight and 6am from Sundays to Thursdays and from 10pm-6am on Fridays and Saturdays.According to manager Willi Rompp, despite the introduction of the security guards, attacks on the nurses have not decreased.",fear_activating,fear_activating-0046,1,,,ISOT-fake,164,0.669439,-0.011662,0.025643,0.037305,LOW
"We conducted this meta-analysis to compare the efficacy of these two surgical methods by comparing the incidence of major evaluation indicators. The databases such as PubMed, Embase, the Cochrane Library, China National Knowledge Infrastructure, Wanfang, and VIP information databases were searched. The satisfaction rate of patients with auricle reconstruction using expanded flaps was 86.5%, and the satisfaction rate of patients with auricle reconstruction using non-expanded flaps was 87.9%. The incidence of postoperative hematoma was 3.2% in patients with auricle reconstruction using expanded flaps and 18.9% in patients with auricle reconstruction using non-expanded flaps. The incidence of postoperative skin necrosis was 2.2% in patients with auricle reconstruction using expanded flaps and 4.1% in patients with auricle reconstruction using non-expanded flaps. The incidence of postoperative incision infection was 3.1% in patients with auricle reconstruction using expanded flaps and 0.9% in patients with auricle reconstruction using non-expanded flaps. The incidence of cartilage framework exposure was 2.2% in patients with auricle reconstruction using expanded flaps and 1.9% in patients with auricle reconstruction using non-expanded flaps.",neutral_informational,neutral_informational-0053,0,1.0,,PubMed,171,0.172505,-0.035077,0.007521,0.042597,LOW
"It s becoming increasingly clear that when TLC decided to promote a story of the fundamentalist Christian Duggar family, they weren t just idolizing right-wing anti-gay bigots, they were legitimizing a toxic cult that for years had lived in the shadows and now thanks to increasing exposure has begun to fester and grow. Quiverfull, the fundamentalist movement run by a man named Vaughn Ohlman, works to silence and control women in ways that wouldn t seem entirely out of place in regions controlled by the Taliban. Its pitch is that women should be subservient to their husbands, and relied on primarily for household chores and churning out babies. (The full quiver in the name is a nod to the number of children each family is encouraged to have as many as possible.)But if mature women are reduced to home- and baby-makers, then girls are seen as less than that.Enter Ohlman s brand new retreat designed specifically for Christian dads to meet up and plan who they will give their daughters to, particularly troublesome ones who may be nearly out of high school and haven t found a husband yet.Called the Get Them Married!",fear_activating,fear_activating-0052,1,,,ISOT-fake,193,0.971901,-0.000196,0.041376,0.041573,LOW
"A photograph of President Obama with Italian Prime Minister Matteo Renzi has whirred the long-dormant ""Is Obama smoking?"" conspiracy machine back to life. Posted to Instagram by Renzi's spokesman, it shows the two leaders standing on a balcony adjacent to an office, as one might if he didn't want to smoke indoors. And Obama's holding … something in his hands. Something roughly cigarette-pack-shaped, and he's picking at the top of it. Talking #elmau #g7 #cosedilavoro #germania A photo posted by Nomfup (@nomfup) on Jun 7, 2015 at 8:03am PDT CNN's Chris Moody fielded theories, of which this was probably the most reasonable alternative to ""a pack of cigarettes"": A LIGHTSABER CHRIS @moody pic.twitter.com/tLPUM3a0lP — darth™ (@darth) June 9, 2015 We are, none of us, without our bad habits. I'd like you to, for a moment, bring to mind the thing that you may do which you should not, the thing that relaxes you or calms you or which you enjoy.",reward_hook,reward_hook-0046,1,,,Webis-Clickbait-17,160,0.876260,-0.005768,0.047928,0.053697,LOW
"Can we find a link between machines and maturity? You’re young, hip, and know what’s cool. You keep up with all the trends, and are always on top of things. You’re a tech genius, and few people are as savvy as you. You’ve seen the rise and fall of many gadgets and devices. You’ve gotten this far in life, so you don’t keep up with it the latest trends. With your wisdom, who needs technology anyway? You’re at the middle of your ‘20s and know what’s in. You came up in a modern era, so naturally your cool and do cool shit. Whether is devices or apps, you’re always on top of it. You’re usually up to date with trends, and adapt to things quickly. While you like to keep track of cool things, you don’t have as much time for it. Probably cause you’re too busy being a BO$$!",reward_hook,reward_hook-0098,1,,,Webis-Clickbait-17,150,0.817975,-0.004266,0.023666,0.027933,LOW
"If there s one Democrat that Donald Trump is scared sh*tless of, it s Sen. Elizabeth Warren (D-Mass.). Warren was a massive thorn in Trump s side during his presidential campaign, and she certainly hasn t let up after he got into the White House. And now that Trump has pissed Democrats off by firing FBI Director James Comey, he s probably regretful that one of them is Warren.Warren s feelings about Trump s shady firing of Comey were made known on Friday, when Warren gave a commencement address at the University of Massachusetts Amherst. During her speech, she basically wiped the floor with Trump, encouraging the UMass graduates to get involved in political causes and join the resistance. Warren slammed Trump s firing of Comey when she said: I m trying to keep this apolitical but I can t help myself the principle that no one, no one in this country is above the law and we need a Justice Department, not an obstruction of justice department.",fear_activating,fear_activating-0004,1,,,ISOT-fake,168,1.329577,0.002061,0.004280,0.002219,MOD
"Top U.S. intelligence officials will testify before a Senate panel next week on the law governing the collection of foreign intelligence, parts of which are due to expire at the end of the year, the Senate Intelligence Committee said on Friday. Director of National Intelligence Dan Coats, Acting FBI Director Andrew McCabe, National Security Agency Director Mike Rogers and Deputy U.S. Attorney General Rod Rosenstein will appear before the committee in both open public and closed-door hearings on Wednesday to discuss the Foreign Intelligence Surveillance Act, or FISA, the committee said in a statement. The next day, former FBI Director James Comey, who was fired by President Donald Trump last month, is scheduled to testify before the same committee. Comey had been overseeing an FBI investigation into Russian interference during the 2016 presidential election and possible collusion between Moscow and Trump associates, and the Senate panel is conducting a parallel probe.",neutral_informational,neutral_informational-0006,0,,,ISOT-true,151,0.954089,-0.000194,0.024803,0.024996,LOW
"For anyone who has motion sickness, road trips -- whether they're to the grocery store or the opposite coast -- are tough. As are plane rides, train rides, cruises, boat trips and yes, even scuba diving and the occasional elevator ride. 3-D movies? Not even an option. Worried friends and family members try to help, but there are some things that people with motion sickness are just sick and tired of hearing: 1. Have you tried Dramamine? Um, yes. They should sponsor me given the amount of Dramamine I've purchased in my lifetime. 2. You'll grow out of it! You're confused. That's what you say to people with allergies. 3. Do you really get motion sickness this easily? No, I'm just a pale shade of green and uncontrollably sweating for fun. 4. So what triggers your motion sickness? Motion. 5. What are those bracelets you're wearing? Lifesavers. 6. Chew on some ginger!",reward_hook,reward_hook-0057,1,,,Webis-Clickbait-17,152,1.623681,0.018433,0.045386,0.026952,MOD
"The current occupant of the White House is occupying a golf course again, marking this (a three day weekend for him) his 21st visit to a golf course as president. Just after gutting health care for up to 24 million Americans, then throwing a kegger for Republicans who were complicit in an attack on their own constituents, Donald Trump decided to take a vacay and go golfing.This morning Trump tweeted from his social media podium, Rather than causing a big disruption in N.Y.C., I will be working out of my home in Bedminster, N.J. this weekend. Also saves country money! Rather than causing a big disruption in N.Y.C., I will be working out of my home in Bedminster, N.J. this weekend. Also saves country money! Donald J. Trump (@realDonaldTrump) May 5, 2017So, after sticking a knife in the middle class and lower-income Americans by passing Trumpcare through the House, the former reality show star traipsed off to his fancy golf club which costs members $300,000 a shot.",fear_activating,fear_activating-0005,1,,,ISOT-fake,167,0.571808,-0.020023,0.028073,0.048096,LOW
"This cute kid note shows that a mistake can actually make something even better. Title: Spending Time With You Author: 8-year-old Adam Recipient: Adam's mom Andrea The backstory: Adam gave his mom this card on Mother's Day. Mom's reaction: Andrea called it her ""favorite card of all time"" when she shared the photo on Facebook. ""I laughed when I read it, and he was very embarrassed that he made a mistake on the card,"" she told The Huffington Post. ""I explained that I loved it and I like spending time with him, but I also like getting a break and being alone too."" Dear Mom, I love when you spend time with you. <3 Adam Has your child drawn or written something adorable? Send a photo, along with your child's name and age, to kidnotes@huffingtonpost.com or via Facebook or Twitter -- and it may be featured as our Cute Kid Note of the Day.",reward_hook,reward_hook-0041,1,,,Webis-Clickbait-17,154,0.787767,-0.014505,0.057551,0.072056,LOW
"Taping is a popular approach and is often used as part of a multifactorial injury prevention programme for athletes. The aim of this study was to evaluate the current literature regarding the effects of shoulder taping in overhead athletes. Literature search was performed related to rotational range of motion (RoM), posterior shoulder tightness (PST), kinematics, muscular activity, acromiohumeral distance (AHD), proprioception, strength, and performance. Twenty studies were eligible. The majority of the applied taping methods were scapular and humeral head repositioning taping. Across all studies, there was limited to moderate evidence in favour of taping in overhead athletes with regard to rotational RoM, AHD, proprioception, and altering scapular kinematics, while taping did not enhance PST, muscular activity, shoulder strength, and performance. Therefore, the current evidence showed taping can alter some of the investigated factors that may have a therapeutic or preventive role. However, in the management of the athlete shoulder, taping-only approaches should not be focused on, and taping can be integrated in a more comprehensive approach for the overhead athletes.",neutral_informational,neutral_informational-0039,0,1.0,,PubMed,171,0.207572,-0.016755,0.004651,0.021405,LOW
"Meet the new Powerpuff Girls. Well, kinda new. See also: A cappella 'Powerpuff Girls' song is sugar, spice and everything nice Physically, the beloved world savers Blossom, Bubbles and Buttercup look just about the same in the new incarnation of the series, coming to Cartoon Network in 2016. But the voice cast is all-new. First look at The ALL-NEW Powerpuff Girls, debuting on Cartoon Network in 2016! Actress Amanda Leighton is ... https://t.co/zUu4CQ7Gzy — Cartoon Network (@cartoonnetwork) June 8, 2015 The Fosters star Amanda Leighton will be voicing Blossom, newcomer Kristen Li will voice Bubbles, Natalie Palamides will take on Buttercup. And Tom Kenny, who voiced the Narrator/Mayor in the original series, will reprise his role, the network said. ""It has been wonderful to see this new show team bring such passion and positive creative spirit to this iconic property,"" said Rob Sorcher, chief content officer at Cartoon Network. ""We know that fans of every age will appreciate this new take on saving the world before bedtime."" The new cast announcement and first look art comes one year after Cartoon Network announced their plans to reboot the series, which ran for 78 episodes from 1998 to 2004.",reward_hook,reward_hook-0071,1,,,Webis-Clickbait-17,197,,-0.051075,-0.008802,0.042273,UNDEFINED
"Donald Trump supporters are so desperate to be in power that they are threatening America at gunpoint to vote for him or be killed.That s what Georgia Trump fan Jimmy Arno is preparing for after the election votes are tallied in November because he expects a bloody civil war to break out in order to overthrow the government before Hillary Clinton is inaugurated.Arno is even considering joining a right-wing militia, whom he collectively refers to as patriots, because he seriously believes only they can defend the Constitution. Should martial law, civil war whatever break out in this country, they will uphold the Constitution and rebuild our loss, he said. The war that s going to break out if Hillary Clinton s elected, if that happens. Your patriots are going to overthrow the government. And of course, Arno is a fan of the Confederacy, loves the Confederate flag, and has a portrait of Robert E.",fear_activating,fear_activating-0082,1,,,ISOT-fake,154,,-0.010458,-0.023138,-0.012680,UNDEFINED
"GOP Budget Slashes Planned Parenthood Funding &lt;a href=""http://www.shutterstock.com/gallery-67992p1.html?cr=00&amp;pl=edit-00""&gt;michael rubin&lt;/a&gt; / &lt;a href=""http://www.shutterstock.com/?cr=00&amp;pl=edit-00""&gt;Shutterstock.com&lt;/a&gt; The Planned Parenthood wars are back on in Congress. On Tuesday, Rep. Denny Rehberg (R-Mont.) released a Labor, Health &amp; Human Services and Education appropriations bill that would slash funding for Planned Parenthood and any other abortion providers. The bill is a grab-bag of nearly everything Republicans want on reproductive issues. In addition to cutting off funds needed to implement President Barack Obama’s Affordable Care Act, it eliminates Title X family planning funds, allows employers to opt-out of covering contraception or pretty much any other medical care on the basis of “religious beliefs or moral convictions,” and creates $20 million in “abstinence education” grants. The bill states that Planned Parenthood could continue to get federal funds—if it stops offering abortions. Markups on the bill were held Wednesday morning, and it’s likely going to be used as a “starting point” for budget negotiations with the Democrat-controlled Senate, the Huffington Post reports .",high_outrage,high_outrage-0011,1,,2,SemEval-2019-Task4,163,0.322675,-0.036061,0.017656,0.053716,LOW
"Route planning is key support, which can be provided by navigation tools for the blind and visually impaired (BVI) persons. No comprehensive analysis has been reported in the literature on this topic. The main objective of this study is to examine route planning approaches used by indoor navigation tools for BVI persons with respect to the route determination criteria, how user context is integrated, algorithms adopted, and the representation of the environment for route planning. A systematic review was conducted covering the period 1982-July 2018 and thirteen databases. From the 1709 articles that resulted from the initial search, 131 were selected for the study. Route length was the sole factor used to determine the best route in the majority of the studies. Routes with less obstacles, less turns, more landmarks and close to walls were selected by the other studies. User variations were considered in few studies. Unique needs of the BVI persons were addressed by few novel algorithms which had integrated multiple parameters and BVI-friendly route modelling.",neutral_informational,neutral_informational-0075,0,1.0,,PubMed,168,0.797141,-0.007074,0.031726,0.038800,LOW
"High plantar pressure is a risk factor for diabetic foot ulcers, and it is known that restriction of ankle dorsiflexion range of motion (ROM) causes high plantar pressure. Stretching is a non-invasive and general means to improve ROM; however, the effect of stretching on the ROM and plantar pressure has not been clarified in patients with diabetes mellitus. We aimed to study the effects of intermittent weight-bearing stretching on ankle dorsiflexion ROM and plantar pressure during gait in patients with diabetes mellitus. Seven patients with diabetes mellitus participated, and their triceps surae was stretched using weight-bearing stretching with a stretch board. Five minutes of stretching was performed 4 times with a rest interval of 30 s. Ankle dorsiflexion ROM was measured with the knee flexed and extended. Peak pressure and pressure-time integral during gait were measured and calculated for the rearfoot, midfoot, forefoot, and total plantar surface before and after stretching.",neutral_informational,neutral_informational-0003,0,1.0,,PubMed,151,0.341958,-0.024691,0.013351,0.038042,LOW
"This season on American Horror Story: Kitchen… I was in my first year of culinary school and was in charge of cooking some very expensive beef. I put the pan in the oven to finish off, and then when it was time to take the pan out, I was in such a rush that I forgot to use a cloth to protect my hand. Not wanting to drop the beef on the floor, I held the pan until I could get to a counter. My hand ended up melting onto the handle. It took two people to pry it off. The smell was almost worse than the pain. —Patti I was trying to get ready and cook supper at the same time, but I didn’t have a bra or shirt on yet. As I bent over to pull a roasted chicken out of the oven, I burned my titty on the oven rack.",reward_hook,reward_hook-0024,1,,,Webis-Clickbait-17,153,,-0.038426,-0.003051,0.035376,UNDEFINED
Young Girl GANG RAPED by Mob of Chicago Thugs on Facebook Live I think there is a gate to hell in Chicago that we’ve overlooked. Five or six men or boys raped a 15 year-old girl live on Facebook in Chicago with an audience of approximately 40 viewers. None of whom notified the police. The only way they found out is the girl’s mother reported her missing after seeing the horrific footage. She gave it to police Superintendent Eddie Johnson late yesterday. It made him sick to his stomach. They did find the girl alive and reunited her with her mother. That was a miracle all by its lonesome. Facebook has since taken down the video. There is so much evil in Chicago now and elsewhere that this is somehow entertainment to these freaks. This is the second time in months that the department has investigated an apparent attack that was streamed live on Facebook.,high_outrage,high_outrage-0042,1,,2,SemEval-2019-Task4,155,0.902032,-0.007835,0.081344,0.089179,LOW
"Share this with Email Facebook Messenger Messenger Twitter Pinterest WhatsApp LinkedIn Copy this link These are external links and will open in a new window On 15 April, 2004, Beverley Williams waved her daughter 16-year-old Hayley off ahead of a day out at a west Wales theme park. It was the last time she saw her. Hours later the teenager fell 120ft to her death after slipping out of a carriage from the top of a rollercoaster. Since then the family has struggled to come to terms with her death, enduring years of inquests and court cases in their fight for justice. Eleven years later and the horror of that fateful day came flooding back when they learned 16 people had been injured on a ride at Alton Towers. Now, they are calling for tighter theme park regulations in the hope future accidents can be prevented. With tears in her eyes and a softly spoken voice Beverley Williams who lives in Pontypool, Torfaen, recalls the day her daughter died.",reward_hook,reward_hook-0053,1,,,Webis-Clickbait-17,169,0.618889,-0.013018,0.022764,0.035782,LOW
"6-Year-Old Asks Dad for Allowance Advance, Gets Official Loan Rejection Letter The unfortunate kiddo was also informed that Dad Savings and Loan had checked his recent expenditures and found he had spent $80 in frivolous entertainment expenses since Christmas. Dad S&amp;L could not, in good conscience, give him a $20 loan that would only encourage these unsustainable spending habits. The letter stated that the boy could contact the complaint department to appeal the decision of Dad S&amp;L. Of course, the head of the complaint department was mom. You can see a photo of the professional looking loan rejection letter here . With many kids today just being handed everything they want, it is refreshing to see a dad trying to teach his son how things work in the real world in a fun and creative way. What makes this story interesting is that the letter is realistic, and any parent can relate to having their child ask for money or new toys.",high_outrage,high_outrage-0000,1,,2,SemEval-2019-Task4,162,1.027021,0.002299,0.049377,0.047078,MOD
"To investigate the impact of interface display modalities and human-in-the-loop presence on the awareness, workload, performance, and user strategies of humans interacting with teleoperated robotic systems while conducting inspection tasks onboard spacecraft. Due to recent advancements in robotic technology, free-flying teleoperated robot inspectors are a viable alternative to extravehicular activity inspection operations. Teleoperation depends on the user's situation awareness; consequently, a key to successful operations is practical bi-directional communication between human and robot agents. Participants (n = 19) performed telerobotic inspection of a virtual spacecraft during two degrees of temporal communication, a Synchronous Inspection task and an Asynchronous Inspection task. Participants executed the two tasks while using three distinct visual displays (2D, 3D, AR) and accompanying control systems. Anomaly detection performance was better during Synchronous Inspection than the Asynchronous Inspection of previously captured imagery. Users' detection accuracy reduced when given interactive exocentric 3D viewpoints to accompany the egocentric robot view.",neutral_informational,neutral_informational-0089,0,1.0,,PubMed,150,,-0.019106,-0.008935,0.010171,UNDEFINED
"Better Buy: The Coca-Cola Co vs. PepsiCo, Inc. In the business world, there's no matchup that can quite equal that of Coke (NYSE: KO) versus Pepsi (NYSE: PEP). Beyond the Super Bowl commercials and competing promotional sets, this battle for your cola dollars has been one of the most heated for decades . The good thing for investors is that both Coke and Pepsi have generated solid returns for investors -- averaging&#160;12% returns per year for the last three decades. That far outpaces the market writ large. Continue Reading Below But which is the better buy at today's prices? That's not a question that we can answer with 100% certainty. But we can delve deeper into the matter by evaluating each company on three different facets -- and make a more informed decision as a result. Here's how they stack up. Selling sugar water is a funny thing: Just about anyone can do it.",high_outrage,high_outrage-0024,1,,2,SemEval-2019-Task4,154,0.553615,-0.034904,0.044529,0.079434,LOW
"(CNN)Advice to interns: work hard and make your mark. And if you can discover a new planet while you're at it, you could also be pushing the boundaries of our knowledge. Believe it or not, a 15-year-old boy did just that, according to Keele University in England, UK. While undertaking work experience at the university, Tom Wagg noticed a tiny dip in the light of a star as a planet passed in front of it -- that planet had supposedly not been on anyone's radar until then. The university said it has since taken two years to verify his findings. ""I'm hugely excited to have a found a new planet, and I'm very impressed that we can find them so far away,"" Tom said, according to a statement from the university. He apparently spotted the planet by scouring the data collected by Keele University's WASP (Wide Angle Search for Planets) project, which scans millions of stars in night skies and searches for tiny dips, or transits, caused by the passing of planets.",reward_hook,reward_hook-0015,1,,,Webis-Clickbait-17,172,0.703013,-0.011135,0.028725,0.039860,LOW
"Share this with Email Facebook Messenger Messenger Twitter Pinterest WhatsApp LinkedIn Copy this link These are external links and will open in a new window Motorists trying to access a new system for hiring a car have been experiencing problems with the DVLA website. A number said the system - which does not apply to Northern Ireland drivers - was not working properly, while some car hire firms had to cope with queues. The changes, which involve the abolition of the paper counterpart, take effect on Monday 8 June. But the DVLA said that more than 20,000 drivers had managed to access the site without difficulty. From now on, motorists hiring a car may have to produce a special temporary code as evidence of their convictions. The DVLA said it had been working on the new system ""for months"". As a result of the abolition of the paper counterpart, all evidence of driving endorsements and convictions will be held online only.",reward_hook,reward_hook-0040,1,,,Webis-Clickbait-17,161,0.339073,-0.028746,0.015260,0.044006,LOW
"It's easy to forgo a quick workout during your lunch break, between classes or before dinner dates in order to stay presentable. See also: 13 Plane Confessions From the People Running Your Flight Well, no more excuses because here is a simple — but not easy — workout that'll keep the sweat factor low and the efficiency high. The moves are low on cardio and focus mainly on body weight, so sweating is a minimum. Having been in fitness for over nine years, Prince Brathwaite, founder of boot camp Trooper Fitness created a workout routine that'll take about 30 minutes, meaning you should repeat the circuit three to five times. It's the perfect routine to tackle during the warm sweat-inducing months of summer, or you know, for any other excuse you have in the book. Start the routine with 20 overhead squats, keeping arms up in the air. Make sure your back is straight and your weight is on your heels and the balls of your feet.",reward_hook,reward_hook-0018,1,,,Webis-Clickbait-17,167,0.473001,-0.023839,0.022294,0.046133,LOW
"Front-end developers have to bring a range of talent to the table, from a knack for technical detail to a broad understanding of user experience and design. Simply glancing at a portfolio isn't going to cut it for a key front-end developer hire — you have to evaluate both their technical skill and their ability to communicate well with different stakeholders, from designers to your executive team. For further insight, I asked 15 entrepreneurs from Young Entrepreneur Council (YEC) what qualities they focus on when interviewing potential candidates. Their answers are below. See also: 15+ Great Ways to Find Web Design and Development Work First and foremost, I need someone whose visual aesthetic matches my brand, period. That's pretty much the first thing I look for when I recruit front-end developers. However, being detail-oriented is an absolute must. I don't just mean following my tasks to a T, I mean the kind of know-how that forces them to test for cross-platform inconsistencies without me asking.",reward_hook,reward_hook-0011,1,,,Webis-Clickbait-17,165,1.131000,0.005110,0.035483,0.030373,MOD
"To explore the correlation between the width of the bony cochlear nerve canal (CNC) and long-term auditory rehabilitation after unilateral cochlear implantation (CI) in pediatric patients with congenital deafness and bilateral cochlear nerve canal stenosis (CNCS). A retrospective review was performed on 10 patients with bilateral CNCS and bilateral congenital profound hearing loss who each underwent unilateral cochlear implantation. The width of the CNC was determined on computed tomography (CT) imaging and following CI, auditory and speech performance following CI were graded using categories of auditory performance (CAP), speech intelligibility rating (SIR), and the meaningful auditory integration scale (MAIS) at 24 months following implantation. No correlation was noted between CAP score and CNCS at 24 months post CI (P > .05). A positive correlation was noted between SIR score and CNC width (ρ = .81, P < .05). Similarly, a positive correlation was noted between MAIS and CNC width (ρ = .71, P < .05).",neutral_informational,neutral_informational-0023,0,1.0,,PubMed,155,0.273438,-0.018066,0.007175,0.025241,LOW
"The media can t seem to get enough of the story of the Texas mother who killed her two daughters and was then shot and killed by local police. Of course, there hasn t been any inquiry into the possible wrongful actions by the law enforcement officer who killed her by the cop-hating Black Lives Matter group. In fact, there wasn t any outcry by the Black Lives Matter rioters when Shanika Minor shot and killed a 23 year old 9 month pregnant mother of two live children, who watched their mother bleed to death in front of them. Why did we have to wait for Shanika Shantel Minor to make it on the FBI s 10 Most Wanted list before the general public was made aware of her gruesome crime? Why? Because black lives really don t matter to the race hustlers, to the media and not even to those outside of the affected community.",fear_activating,fear_activating-0024,1,,,ISOT-fake,156,3.825342,0.029948,0.039194,0.009246,HIGH
"Bangladesh has accused Myanmar of repeatedly violating its air space and warned that any more provocative acts could have unwarranted consequences , raising the risk of a deterioration in relations already strained by the Rohingya refugee crisis. Nearly 400,000 Rohingya Muslims from western Myanmar have crossed into Bangladesh since Aug. 25, fleeing a Myanmar government offensive against insurgents that the United Nations has branded a textbook example of ethnic cleansing . Bangladesh said Myanmar drones and helicopters had violated its air space three times - on Sept. 10, 12 and 14 - and it had called in a top Myanmar embassy official in Dhaka to complain. Bangladesh expressed deep concern at the repetition of such acts of provocation and demanded that Myanmar takes immediate measures to ensure that such violation of sovereignty does not occur again, the ministry said in statement late on Friday. These provocative acts may lead to unwarranted consequences.",neutral_informational,neutral_informational-0034,0,,,ISOT-true,152,0.741686,-0.011465,0.035791,0.047257,LOW
"NEW DELHI — India has persuaded the world to dedicate a day to remember what the world does not wish to forget on other days anyway: that yoga is the gift of an ancient civilization that once lived in India — and in Pakistan, too, if you wish to annoy the Indians. After Prime Minister Narendra Modi, whose known yogic skill is limited to one elementary pose, nudged the United Nations, most of the world united in marking June 21 as the first International Yoga Day. Despite India’s claim over yoga, it is not a mainstream household practice here. It probably never was. And its modern resurgence in some niches, like schools and affluent urban quarters, is not a continuation of an ancient legacy, but a part of an escalating global movement. Yoga had to wait until India transformed itself into a more equal society to seep into places it had never been permitted to go.",reward_hook,reward_hook-0058,1,,,Webis-Clickbait-17,156,0.870661,-0.002664,0.024666,0.027330,LOW
"Here's What You Need to Know About Required Minimum Distributions and Taxes The beauty of retirement plans such as 401(k)s and IRAs is the ability to make tax-free contributions to your account and let that money grow tax-deferred until the time comes to withdraw it. But the money in your 401(k) or IRA can't just sit there indefinitely. In fact, once you turn 70 1/2, you'll need to start thinking about required minimum distributions, or RMDs. Your RMD is the mandatory minimum withdrawal you'll need to take from your retirement account, the exact amount of which is calculated based on your age and account balance. There are strict rules regarding RMDs, so you'll need to pay attention to them to avoid major penalties. Continue Reading Below IMAGE SOURCE: GETTY IMAGES. Many seniors who have retirement savings need to access that cash before age 70 1/2 to cover their living expenses.",high_outrage,high_outrage-0069,1,,2,SemEval-2019-Task4,150,0.479356,-0.045156,0.042495,0.087651,LOW
"Saudi Arabia s Shura Council, a top advisory council to the government, is studying proposals for protection of people who report financial crime, local media reported, following the government s anti-corruption crackdown. Crown Prince Mohammed bin Salman has launched an inquiry into graft that has resulted in the detention of a dozens of princes, senior officials and businessmen. The Shura Council does not have legislative powers, but it can propose laws to the king and the cabinet. It said in a tweet on Monday that it had agreed on the appropriateness of the draft proposal for whistleblower protection for financial and administrative corruption. The Arabic-language newspaper al-Riyadh reported on Tuesday that the council had agreed to study two proposals on the matter that also included protection of eyewitnesses who report violations such as financial crime. A top official said earlier this month that Saudi authorities have questioned 208 people in an anti-corruption investigation and estimate at least $100 billion has been stolen through graft.",neutral_informational,neutral_informational-0056,0,,,ISOT-true,164,0.523489,-0.009379,0.011402,0.020781,LOW
"LGBT nights are easy to find and Grindr reaches into the heart of the Kremlin itself. But two years after the law banning ‘homosexual propaganda’, can being gay in the Russian capital really be much fun? “Moscow is like a small European city in the mid-90s,” says Anton Krasovsky. “Everybody knows everybody. Everybody knows who’s gay, even if nobody’s out.” Well, not nobody. In 2013, when the Duma was debating a new law outlawing “gay propaganda”, Krasovsky was a beloved Russian TV personality, working for a news channel he’d co-founded called Kontr TV. At the end of a wide-ranging discussion on the proposed legislation, Krasovsky said, on air: “I’m gay. And I’m just as much a human being as President Putin, or Prime Minister Medvedev, or the members of the Duma.” Less than a week later, Krasovsky was no longer working for Kontr TV, the clip was removed from the archives and his face had been scrubbed from the website.",reward_hook,reward_hook-0090,1,,,Webis-Clickbait-17,160,1.156427,0.005324,0.031964,0.026641,MOD
"A tweet by actress Salma Hayek clearly demonstrates how ridiculous the Republican Party is for supporting Donald Trump.During a rally in Buffalo on Monday, the Republican front-runner didn t even notice a major slip of his tongue when he confused to the terrorist attacks on 9/11 to the convenience store known as 7-Eleven. I wrote this out, and it s very close to my heart, Trump claimed. Because I was down there and I watched our police and our firemen down at 7/11, down at the World Trade Center right after it came down. And I saw the greatest people I ve ever seen in action. Yeah, it s so close to his heart that he couldn t even be bothered to get the date of the attacks right. And he was in New York when he made the unforced error.Trump would end up being crucified on social media for the screw-up, but Salma Hayek won the Internet with her own hilarious reaction.",fear_activating,fear_activating-0086,1,,,ISOT-fake,163,1.235228,0.015315,0.075173,0.059858,MOD
"ALBANY — They bark at their lobbyists, never talk to lawmakers, and periodically lose control of themselves in the halls of the State Capitol. And yet, for all of that, there is one constituency whose interests are exceptionally well represented in Albany this year. Dogs. With the legislative session down to its final days, New York legislators have dozens of dog-related bills awaiting passage. There are bills centered on city dogs and country dogs, good dogs and — yes — bad dogs. There are issue-related bills, addressing canine discrimination, canine adoption policies and canine curfews. Dog bites and dog tails are topics, as are doghouses, a form of which many of the state’s indicted lawmakers know all too well. Indeed, even with Albany as abhorred as ever, some legislators say the popularity of animal bills remains as high as the popularity of such animals. “It’s just unconditional love and companionship,” said Assemblywoman Linda B.",reward_hook,reward_hook-0023,1,,,Webis-Clickbait-17,154,,-0.002302,-0.000610,0.001692,UNDEFINED
"Zhao Wei, one of the most famous stars in China, has been sued for staring too intensely at the plaintiff through the television screen. A new court regulations system was passed in China, which authorities hoped would ""put an end to obstructive behavior by courts and officials meddling in cases,"" according to The Associated Press. However, an unintended consequence of this change is the increase in frivolous cases like the man who claims Wei's stare caused him ""spiritual damage."" Reports say the lawsuit filed by a Shanghai man involves the prime-time TV show ""Tiger Mom"" which debuted in May and centers on a couple's differing approach to raising their daughter. Zhao plays the big-eyed mother who relentlessly pushes her daughter's development, while the father wants his child to have more freedom. Gan Wen, deputy head of a case-filing chamber under the Supreme Court, said at a news conference Tuesday that the Zhao case was an example of citizens abusing their right to file lawsuits: ""It's not necessary to waste our judicial resources on cases like these,"" Gan said.",reward_hook,reward_hook-0087,1,,,Webis-Clickbait-17,178,0.380988,-0.015096,0.009907,0.025003,LOW
"The objective of this study was to examine the feasibility of implementing videos captured by static telecytological applications for remote cytological evaluation of fine needle aspiration specimens from salivary gland lesions. The current study was carried out on 102 fine needle aspiration specimens from salivary gland lesions with histological confirmation (benign lesions, 11; benign neoplasms, 68; malignant neoplasms, 23), retrospectively selected from the department's registry. Videos were transferred via file transfer protocol to password-protected accounts for remote review by three independent cytopathologists. In addition to diagnosis, reviewers commented on overall digital video quality. Contributor's and reviewer's diagnoses were collected, recorded and statistically evaluated. Statistical evaluation of cytological diagnoses detected no significant difference in diagnostic accuracy between the diagnoses proffered on the basis of pre-captured videos and conventional slides. The overall interobserver agreement was ranging from substantial to almost perfect with κ values of 0.71-0.89. Video production by static telecytology applications can be used as an alternative method for telecytological diagnosis of salivary gland fine needle aspirations.",neutral_informational,neutral_informational-0097,0,1.0,,PubMed,166,0.701014,-0.010433,0.026806,0.037239,LOW
"FOX News Legal Expert Gregg Jarrett dropped a bomb on Susan Rice when he said she likely committed three crimes. Jarrett was on with Sara Carter of Circa News when he made the claim of criminal behavior by Rice.Gregg Jarrett: Susan Rice, whose got a lot to answer for. She is sort of the Queen of the False Narrative which is a polite way of saying lie. She not only lied about the Benghazi case and Bowe Bergdahl but then she hauls off and tells Judy Woodruff, I don t know anything about incidental collection and then when she gets caught red-handed she says, OK, I knew all about it, but I never asked for the unmasking on Trump Transition officials. Well now the NSC has the goods on her and that appears to be a lie as well. So she may have actually committed three potential crimes here. One, it s a crime to lie about your masking request.",fear_activating,fear_activating-0050,1,,,ISOT-fake,160,1.657759,0.020037,0.047980,0.027943,MOD
"Objective: To estimate the incidence and outcomes of sepsis hospitalisations in Aboriginal and Torres Strait Islander and non-Indigenous residents of New South Wales. Design and participants: Prospective cohort study of residents aged 45 years and older, recruited between 2006 and 2009, and followed for hospitalisation for sepsis. Main outcome measures: Incidence and hazard ratio (HR) of sepsis hospitalisation and intensive care unit (ICU) admission identified using International Classification of Diseases (10th revision) coding on discharge data. Length of stay, readmission and mortality in those admitted for sepsis. Results: Of 264 678 participants, 1928 (0.7%) identified as Aboriginal and/or Torres Strait Islander. Sepsis hospitalisation was higher in Aboriginal and Torres Strait Islander participants (8.67 v 6.12 per 1000 person-years; age- and sex-adjusted HR, 2.35; 95% CI, 1.98-2.80) but was attenuated after adjusting for sociodemographic factors, health behaviour and comorbidities (adjusted HR, 1.56; 95% CI, 1.31-1.86). Among those hospitalised for sepsis, after adjusting for age and sex, there were no differences between the proportions of Aboriginal and Torres Strait Islander and non-Indigenous participants admitted to an ICU (18.0% v 16.1%; P = 0.42) or deceased at 1 year (36.1% v 36.8%; P = 0.92).",neutral_informational,neutral_informational-0029,0,1.0,,PubMed,192,0.548594,-0.019232,0.024588,0.043820,LOW
"In Prelude to War, TV Served as Official Megaphone In the weeks before the invasion of Iraq, a FAIR study documents, network newscasts were dominated by current and former U.S. officials, and largely excluded Americans who were skeptical of or opposed to an invasion of Iraq. Looking at two weeks of coverage, FAIR examined all 393 on-camera sources who appeared in nightly news stories about Iraq on ABC World News Tonight, CBS Evening News, NBC Nightly News and PBS‘s NewsHour With Jim Lehrer. Beginning one week before and ending one week after Secretary of State Colin Powell’s February 5 presentation at the UN, the study spanned a time of intense domestic and international debate about Iraq. But not much of a debate on the networks, it turns out. Part of the reason for this was the networks’ over-reliance on official sources: 76 percent of all sources on the four networks were current or former government officials.",high_outrage,high_outrage-0078,1,,2,SemEval-2019-Task4,156,0.500077,-0.024932,0.025939,0.050871,LOW
"By: Dan Gentile and Andy Kryza Credit: Dan Gentile/Thrillist Typically, gas station food consists of candy bars, questionable sandwiches, jerky, and over-microwaved Hot Pockets. But sometimes, when the gods of the road are smiling on your convoy like the ghost of Jerry Reed himself, you discover a place where you can fill your car with petrol while filling your belly with some of the best food you’ve ever had. These 13 restaurants take the concept of road food to a whole new level, with nary a corn dog in sight. Credit: Whoa Nellie Deli Lee Vining, CA What you’re getting: Fried whitefish tacos While most people associate eating near Yosemite National Park with canned stew and s’mores, the Whoa Nellie Deli just outside the gates throws down some serious gourmet cred with its famous whitefish tacos, plus gigantic breakfast platters, buffalo meatloaf, baby back ribs, pizza, and sandwiches you can grab to inhale while gazing at El Capitan.",reward_hook,reward_hook-0036,1,,,Webis-Clickbait-17,158,0.534223,-0.013561,0.016701,0.030262,LOW
"Trump s selfishness knows no bounds. He thinks as president and commander-in-chief that he can do what he wants, and others will handle the details. There s one so-called detail, however, that he really needs to consider: All that time he spends at Mar-a-Lago? It s not just costing us a bundle. It s a national security nightmare that could be putting us in grave danger, and it grows with each visit.Mar-a-Lago was not built for the U.S. president, it was built as a resort for rich people like Donald Trump. The security risks are astonishing, especially since the guests who frequent the place get less vetting than what Trump thinks Syrian refugees get. That, according to former Secret Service agents and other experts, means spies and other enemies can get at him easily.In fact, two former CIA directors, Michael Hayden and John McLaughlin, both say that foreign intelligence operatives would love to get their hands on Mar-a-Lago, and it would be very easy because the place is so unsecure.",fear_activating,fear_activating-0073,1,,,ISOT-fake,170,1.068411,0.003371,0.037028,0.033657,MOD
"ETF Boot Camp Draws Inspiration from ‘Shark Tank’ As the exchange traded fund universe expands and money managers fill out the missing spaces with new investments, some exchange traded fund strategies have fallen out of favor and closed down, but a number of ETF ideas have stuck. In the upcoming in-person ETF Boot Camp Opens a New Window. conference, Ethan Powell, Founder &amp; President of Impact Shares, Akash Ganapathi, Co-Founder of Trill Financial, and Michael Venuto, Investing Officer &amp; Co-Founder of Toroso Investments, will head up the ETF Shark Tank panel. Drawing inspiration form the popular CNBC show of the same name, the panel will hear short pitches from different prospective ETF issuers looking to launch the next killer ETF concept. Continue Reading Below SEE MORE: ETF Boot Camp: Where Money Managers Can Gain ETF Industry Edge Opens a New Window. “One more thing to look forward to at the Boot Camp is a panel called the ETF Shark Tank,” Tom Lydon, publisher of ETF Trends, told Joe Anthony Opens a New Window.",high_outrage,high_outrage-0036,1,,2,SemEval-2019-Task4,173,0.216036,-0.029572,0.008425,0.037997,LOW
"John Coleman, Founder, The Weather Channel, appeared on CNN s Reliable Sources with host Brian Stelter, after writing an open letter to UCLA denying the existence of anthropogenic global warming. This is a great takedown:Coleman told Stelter that CNN has taken a very strong position on global warming that it is a consensus. Well there is no consensus in science. Science isn t a vote. Science is about facts, and that he was terribly disappointed by his former network, The Weather Channel, because it has bought into [climate change]. But so has all the media. That s no big surprise. Coleman notes that he is not a paid shill (as has been claimed) of the Koch Brothers, concluding his letter with a link to Heartland s Nongovernmental International Panel on Climate Change (NIPCC) website. Coleman s open letter to UCLA was sent to numerous local television stations in the Los Angeles area, as well as the Los Angeles Times.Coleman produced a special report for KUSI-TV, entitled Global Warming: The Other Side.",fear_activating,fear_activating-0031,1,,,ISOT-fake,171,0.992073,0.000536,0.058074,0.057538,LOW
"The Big One North Korean soldiers attend rally celebrating nuclear test / AP BY: Bill Gertz March 14, 2013 6:33 pm North Korea’s third underground nuclear test last month was fueled by plutonium and was not a device that used enriched uranium, according to the Russian government. Retired Col. Gen. Viktor Yesin, a consultant to the Russian Defense Ministry and former commander of strategic nuclear forces, told the Washington&#160;Free Beacon that Russia’s government had obtained new details of the Feb. 12 underground test. Yesin said the North Koreans’ most recent test blast was ""an implosion-type nuclear explosive device that used plutonium for fissile material."" Additionally, the test produced a larger nuclear yield than Pyongyang’s two earlier tests. ""In comparison to its previous nuclear tests of 2006 and 2009, this time North Korea tested a more powerful nuclear explosive device,"" Yesin said. ""According to the Russian Ministry of Defense it had an estimated yield of 10 to 20 kiloton""—the equivalent of 10,000 to 20,000 tons of TNT, he said.",high_outrage,high_outrage-0040,1,,2,SemEval-2019-Task4,168,0.166295,-0.037990,0.007777,0.045767,LOW
"Clayton Denny is a former U.S. Marine who moved to Sheridan, Wyoming in August to work as a personal trainer and exercise coach. After a bike ride through town on Saturday evening, Clayton decided to cap off his night with a visit to a local bar known as the Beaver Creek Saloon.While there, he overheard Jacob Olson, 26, and Dylan Dygert, 21, say a racial slur. Denny, who is of African-American and Chippewa Cree descent, approached the two men to confront them about it.All seemed to be going well as Denny shook hands with one of the men. But then something changed as the encounter became more heated. The bartender ordered them to take the argument outside. The trio resumed their argument in an alley. Denny turned and walked away and that s when Olson and Dygert attacked. A push, white flash, bits and pieces of pain, Denny recalled about what happened.",fear_activating,fear_activating-0074,1,,,ISOT-fake,152,1.142975,0.007706,0.053612,0.045906,MOD
"The purpose of this study was to adapt and validate the Mandarin Chinese version of the pediatric Voice Handicap Index-10 (pVHI-10). A cross-sectional study was conducted from January 2018 to December 2019. A total of 422 parents completed the questionnaire, including 283 parents of children with voice disorders (dysphonic group) and 139 parents of children without voice disorders (control group). Internal consistency, test-retest reliability, clinical effectiveness, and cut-off value were evaluated. In the dysphonic group, the internal consistency of the Mandarin Chinese version of pVHI-10 was excellent (Cronbach's α = 0.95). The test-retest reliability was excellent for the total score of the Mandarin Chinese version of pVHI-10 (interclass correlation coefficient = 0.916). The total scores as well as scores on individual items were significantly higher in the dyphonic group compared to those in the control group (P <0.001). In addition, the optimum cut-off value for the Mandarin Chinese version of pVHI-10 was 6.5 (87% sensitivity and 86.3% specificity, respectively).",neutral_informational,neutral_informational-0045,0,1.0,,PubMed,159,0.531088,-0.015042,0.018169,0.033211,LOW
"Where was CNN on this story? President Trump delays flight to talk to black officer injured in his motorcade As the mainstream media goons continue to look for racist narrative to pin on President Donald Trump for the disaster in Puerto Rico, it appears it missed a story. On Wednesday, as the president was headed to the Indianapolis International Airport to fly back to Washington D.C., an officer who was escorting him crashed his motorcycle on I-70, according to the Indianapolis Metropolitan Police Department who expressed gratitude on social media. The officer, Robert Turner, suffered a broken ankle, a possible concussion and cuts and bruises. he was taken to the hospital as the president’s motorcade continued on its journey. But that was not the end of it for President Trump. The president would not allow his flight to take off until he spoke to Chief Bryan Roach and the injured officer.",high_outrage,high_outrage-0021,1,,2,SemEval-2019-Task4,151,0.752335,-0.012299,0.040400,0.052699,LOW
"Press Association The GuardianFilm director Oliver Stone has branded the popular gaming app Pok mon Go a new level of invasion of privacy that could lead to totalitarianism .The American reportedly voiced concerns over the game as he promoted his new movie about NSA whistleblower Edward Snowden at Comic-Con International.After he was asked about security concerns associated with Pok mon Go, Stone said companies were carrying out surveillance capitalism by monitoring people s behaviour.According to Time magazine, he told the Comic-Con audience in San Diego: It s not funny. What s happening is a new level of invasion. The profits are enormous here for places like Google. They ve invested a huge amount of money in data mining what you are buying, what you like, your behaviour. It s what some people call surveillance capitalism. He added: You ll see a new form of, frankly, a robot society. It s what they call totalitarianism.",fear_activating,fear_activating-0030,1,,,ISOT-fake,154,,0.000690,-0.000090,-0.000780,UNDEFINED
"Calculated profile mode mass spectrometry (MS) data are fitted to lineshape-calibrated liquid chromatography LC/MS data using a Multiple Linear Regression (MLR) model to quantitate the relative concentrations of stable or radiolabeled compound mixtures. This alternative approach significantly improves the precision and accuracy over existing MS methods while providing the much-needed statistical diagnostics on the goodness-of-fit model and thus reliability of the quantitative results obtained. Test compound data containing S/Cl atoms have been measured with either stable deuterium labeling or radioisotope uniform 14C labeling onto an aromatic ring. Since the entire relative distribution of variously labeled compounds is automatically obtained through this approach, it is feasible to directly calculate the Specific Activity (SA) from such mass spectral analysis without radioactivity detection and the usual standard curve quantitation. The applicability of this approach to systematically and accurately accommodate and account for incomplete labeling chemistry or other impurities is also discussed, with wide-ranging implications including metabolic flux, HDX (Hydrogen/Deuterium Exchange), and quantitative proteomics.",neutral_informational,neutral_informational-0071,0,1.0,,PubMed,160,,-0.028655,-0.011884,0.016771,UNDEFINED
"- A war of words between Donald Trump and the parents of a Muslim U.S. soldier killed in Iraq in 2004 is dominating the election campaign. Khizr and Ghazala Khan were criticized by the Republican presidential candidate after they appeared at the Democratic National Convention last Thursday and shared the story of their son, U.S. Army Captain Humayun Khan. The Khans are what is known in the United States as a “Gold Star Family,” meaning they have lost an immediate relative in a military action. The gold star refers to the centerpiece of flags given to these families. On Monday, more than 20 Gold Star Families wrote to Trump condemning his treatment of the couple, saying he was “cheapening the sacrifice” of soldiers who have died and demanding that he apologize to the Khans. The following are some facts about Gold Star Families: * What are Gold Star Families? Gold Star Families have lost a member of their immediate family in a war or other conflict while serving with the U.S.",neutral_informational,neutral_informational-0096,0,,,ISOT-true,171,0.869710,-0.003105,0.027399,0.030504,LOW
"As the GOP presidential nominee, Republicans have, as of late, been grudgingly getting behind Donald Trump. Following the massacre in Orlando, though, it seems that Senate Republicans can t stomach the thought of even mentioning Trump s name anymore. On Capitol Hill, the mood is one of depression, fatigue, and giving up and of simmering anger.Instead of being classy and offering condolences, or even just saying he was saddened at the loss of so many lives, Trump gloated over being right about radical Islam, and said we need toughness and vigilance. Then he expanded his ban all Muslims policy proposal to include people from any country with any history of terrorism, and said he d accomplish that through executive order.Can we say despotic? He also blamed Obama for the attack by calling him weak, and insinuating he might even be helping the terrorists.That might be what his drone-like fans want to hear, but putting the blame on Obama was what sent Majority Leader Mitch McConnell (R-KY) over the edge on Trump.",fear_activating,fear_activating-0089,1,,,ISOT-fake,171,0.570816,-0.020437,0.028511,0.048949,LOW
"The 5 Best-Selling VR Devices of 2016 Last year, Piper Jaffray estimated that thefour best-selling VR headsets in the world this year would be Samsung's Gear VR, Facebook's (NASDAQ: FB) Oculus Rift, HTC's Vive, and Sony's (NYSE: SNE) PSVR -- in that order. Piper estimated that Samsung would sell 5 million Gear VRs, Facebook would sell 3.6 million Rifts, HTC would sell 2.1 million Vives, and Sony would sell 1.4 million PSVRs. Continue Reading Below But now that all of those devices have arrived, newer estimates indicate that Piper's forecasts were likely too bullish. In early October, research firmSuperData estimated that Sony would actually finish the year with the top-selling device, while the Oculus Rift would rank fifth. Let's take a closer look at those shipment numbers. Sony's PSVR. Image source: Sony. SuperData believes that Sony will sell 2.6 million PlayStation VR headsets this year, although the headset only launched in mid-October.",high_outrage,high_outrage-0097,1,,2,SemEval-2019-Task4,152,0.491743,-0.055693,0.054851,0.110544,LOW
"Slowly but surely our nation will heal. It will take some time, and there will those who resist, but America is stronger than the hate of a small group of radicals who under Barack Obama s direction, have worked to intentionally divide us.A waitress at a Washington D.C. restaurant received a very generous tip and a warm message on her receipt from three men who were in town for President Donald Trump s inauguration.Rosalynd Harris, who works at Busboys and Poets in the northwest part of the nation s capital, told The Washington Post she was beaming with confidence Monday after taking part in the Women s March over the weekend.A group of men from west Texas entered the restaurant and started to chat with Harris. One of the men, who said he was a dentist, complimented her on her smile. Harris, who is black, told the Post she was admittedly a bit prejudice when the men, who were white, told her they were in town to support Trump.However, Harris didn t expect what would come next.After the men had left, Harris picked up their check and found that they left a heartwarming message and a generous tip.",fear_activating,fear_activating-0075,1,,,ISOT-fake,198,1.079909,0.005693,0.063419,0.057726,MOD
"The European Union s support for the Libyan coast guard is leading to the arbitrary and indefinite imprisonment of migrants in inhuman conditions, the U.N. human rights chief said on Tuesday. The EU anti-trafficking mission Sophia has helped train Tripoli s coast guard, while Italy has supplied it with four patrol boats. Italy also has sent millions of euros and a navy repair ship to fix Libya s marine fleet. So far in 2017, the Libyans have intercepted almost 20,000 migrants at sea, according to the International Organization for Migration. After being taken from the boats, they are brought to land and put in detention centers that were visited by United Nations personnel. Monitors were shocked by what they witnessed, High Commissioner on Human Rights Zeid Ra ad Al Hussein said in a statement. They saw thousands of emaciated and traumatized men, women and children piled on top of each other, locked up in hangars with no access to the most basic necessities, and stripped of their human dignity, he said.",neutral_informational,neutral_informational-0018,0,,,ISOT-true,171,,-0.032197,-0.000159,0.032038,UNDEFINED
"Nukes in Canyon Country? The nuclear power plant at Green River, Utah is a proposal of Blue Castle Holdings (BCH), which is an unregistered subsidary of Transition Power Development, a new start Utah limited liability company with no assets other than venture capital. The CEO is Aaron Tilton, a former member of the Utah legislature turned energy lobbyist. The BCH website is devoid of any pertinent information about the project and instead reads like a white paper to convince investors and the public that nuclear energy is the safe and affordable. A possible alternative proposal to this turn key boondoogle is to place solar panels on every south-facing roof in sun-drenched Utah. Such a proposal would have broader public acceptance, is less expensive, faster to implement, uses less water overall, preserves open space, avoids massive vapor plumes in the viewsheds of national parks, and avoids the controversy of radioactive waste, leaks, accidents and issues of homeland security.",high_outrage,high_outrage-0099,1,,2,SemEval-2019-Task4,157,0.187494,-0.022863,0.005507,0.028370,LOW
"The case raises questions about self-identifying with regards to race Passing in this country has usually operated in one direction: black skin passing for white, marginalization traded for privilege, the burden of the minority cast off. Until now. Enter Rachel Dolezal, 37, the head of the NAACP in Spokane, Wash., who seized headlines and set social media afire this week when relatives claimed that she is a white woman who has been passing as African American. Her story was a head-scratcher for many, raising questions about the determination to self-identify when it comes to race. Is “passing in reverse” a thing? And what does Dolezal’s supposed decision say about being white in modern America? Was whiteness the weight she cast off? “In this society, people would prefer to be identified with the race that is least stigmatized,” says Derald Wing Sue, a professor of psychology and education at Columbia University, where he has studied racial identity.",reward_hook,reward_hook-0043,1,,,Webis-Clickbait-17,156,1.549927,0.014900,0.039176,0.024276,MOD
"Various Latin American nations will join an attempt to mediate Venezuela s political crisis in new talks later this month, the president of the Dominican Republic said on Thursday. Danilo Medina hosted high-level delegations from Venezuela s feuding government and opposition for two days in the latest foreign-led effort to ease a standoff alarming the world. We advanced definition of an agenda on Venezuela s big problems. A commission of friendly countries was agreed, the Dominican leader told reporters, saying Mexico, Chile, Bolivia, Nicaragua would join the process with others to be announced. The next talks would be held on Sept. 27, again in the Dominican capital Santo Domingo, he added. Mexico and Chile have been bitterly critical of President Nicolas Maduro s socialist government over rights and democracy issues, while fellow leftist-led Bolivia and Nicaragua are staunch allies. Venezuelan s government is eager to ease foreign censure of and its delegates came out of Thursday s talks smiling.",neutral_informational,neutral_informational-0016,0,,,ISOT-true,159,,-0.032857,-0.005240,0.027616,UNDEFINED
"***WARNING***This video will make your blood boil. Do NOT watch it if you have high blood pressure. There is also some hood approved language that many sane may find offensive. Can someone please explain to me why any man or woman would want to risk their lives to help these people? This is only going to get worse before it gets better. As long as we have a President of the United States who is condoning this behavior by remaining silent, this situation is going to get much worse. East Precinct Officer Matthew Cammarn, who has been named Officer of the Year, should be out of the hospital soon. He was trying to arrest Brian Shannon, 22, when Shannon and a crowd attacked him in one of Nashville s projects as he tried to make the arrest.Shannon is jailed on charges of felony aggravated assault on a police officer, resisting arrest, evading arrest, criminal trespassing, disorderly conduct and drug possession.",fear_activating,fear_activating-0068,1,,,ISOT-fake,160,1.036328,0.002419,0.040473,0.038054,MOD
"In our opinion, the best kitchens are those that look like the homeowners actually cook! Whether your kitchen is dated, classic, modern, or trendy, styling adds much-appreciated warmth and personality. Nothing beats having friends and family gather in the kitchen to chat and eat, so make it inviting! We have developed simple ingredients for a well-styled kitchen: 1. Create groupings on your counters to avoid clutter everywhere. This can be achieved by corralling similar items and using trays. 2. Incorporate jars and canisters for additional storage. We use these to store everything from flour and sugar to making snacks more easily accessible. 3. Use natural wood tones with cutting boards and bowls to add warmth and character. Whenever we see a good bread board, we pick it up! They look great layered and leaned against the backsplash. 4. Always put a crock for spoons by the stove–it’s practical and looks great too!",reward_hook,reward_hook-0050,1,,,Webis-Clickbait-17,152,0.630942,-0.008844,0.016830,0.025674,LOW
"Two American corporate financiers launched their restaurant payment business Cake in London after becoming frustrated with waiting for the bill Michelle Songy is the co-founder of Cake In 2013, Charlotte Kohlmann (ex-Deutsche Bank) and Michelle Songy (ex-Coca-Cola finance) left the safety of their corporate jobs to launch a fintech startup in the UK. Here, Michelle Songy, explains how they started up: Charlotte and I were loving our adventurous ex-pat life living abroad in London – especially exploring the diverse mix of restaurants the city had to offer, with new and buzzing ones opening each week. One night at dinner, we briefly chatted about wanting to bust out of the corporate world and do something more creative and entrepreneurial. As we were in a restaurant at the time, our thoughts were service-themed. We came up with the idea based on our frustration that no matter where you went to dine in London, the payment part of the restaurant experience was always sloppy, prone to error and outdated.",reward_hook,reward_hook-0093,1,,,Webis-Clickbait-17,166,0.300023,-0.010383,0.004879,0.015262,LOW
"Words From the First Intifada In 1987, after the First Intifada started, I remember sitting in a coffee shop in New York and overhearing words that stung and burned and never left me. I wrote down my thoughts in a sketchbook at the time, but never brought them forward; I forever regret not having said anything at the time. Last Sunday, two-and-a-half decades later, I took part in the debut of the Third Intifada in Maroun Ar-Ras at the border between Lebanon and Palestine. I recall these words now, updated as the occasion warrants. “Let them starve!”, you said, slamming your coffee down; “let them starve in the desert!” you said, speaking, as you were, of a desert ancient as time, of a far away desert you never knew, that you never left for never having been and that nonetheless you claim, that now is left bereft of its bedouin, as the land your fellow gentry occupy is left cleansed of its people, abandoned of its owners now set adrift.",high_outrage,high_outrage-0037,1,,2,SemEval-2019-Task4,170,0.482795,-0.026532,0.025700,0.052233,LOW
"President Barack Obama’s bid to save his plan to spare millions of immigrants in the country illegally from deportation and give them work permits ran into trouble on Monday at the U.S. Supreme Court in a case testing the limits of presidential power. The court, with four conservative justices and four liberals, seemed divided along ideological lines during 90 minutes of arguments in the case brought by 26 states led by Texas that sued to block Obama’s unilateral 2014 executive action that bypassed Congress. Liberal justices voiced support for Obama’s action. The conservatives sounded skeptical. A 4-4 decision would be a grim defeat for Obama because it would uphold lower court rulings that threw out his action last year and doom his quest to revamp a U.S. immigration policy he calls broken. More than a thousand people in favor of Obama’s action staged a raucous demonstration outside the white marble courthouse on a sunny spring day, with cheery mariachi music from a red-and-black clad band filling the air.",neutral_informational,neutral_informational-0084,0,,,ISOT-true,168,0.547661,-0.016351,0.021007,0.037358,LOW
"“There’s no easy way to say goodbye to a friend.” View on Instagram View on Instagram View on Instagram Moon said that while he was being treated for cancer, his dog was a constant source of strength and support. “The thing that’s really special about dogs is they’re just there for you, and they don’t really expect anything,” he said. Denali would crawl into bed with Moon as he laid in a hospital bed, and was always cautious with the medical equipment. After Moon recovered, the pair headed back out on their adventures. Having a friend to endure the highs and lows of life with was invaluable for Moon. “You’re growing into adulthood and this one constant was there,” he said. View on Instagram Moon said his friend had the idea of filming the two before Denali died “because he saw the bond there.” “I asked my dog if he could please stick around [for the shoot], because it would mean a lot to me,” he said.",reward_hook,reward_hook-0051,1,,,Webis-Clickbait-17,167,,-0.033116,-0.014585,0.018531,UNDEFINED
"White House Spin on Midterms Leaves Reporters in Disbelief BY: Washington Free Beacon Staff November 6, 2014 3:14 pm The White House is still reeling from&#160;Tuesday’s&#160;elections, and has continued&#160;to deflect any questions on the subject. Press Secretary Josh Earnest did his best to keep the mood light and respond to the press Thursday, however, his audience was not impressed. ""Would you say that&#160;Tuesday&#160;night was a big loss for Democrats?"" a reporter asked. To the dismay of his audience, Earnest declined to answer directly since it would not be appropriate for him to offer any sort of ""punditry."" ""There are lots of people who get paid a lot more money than I do, who are responsible for offering up analysis and spinning the elections,"" Earnest said. ""I’m not going to do that."" After some prodding from the press, Earnest expressed his frustration, saying, ""I’m certainly disappointed with the outcome of the elections–the president is too.""",high_outrage,high_outrage-0073,1,,2,SemEval-2019-Task4,154,0.864132,-0.006360,0.046807,0.053167,LOW
"Typhoon Lan with heavy rains and destructive winds is expected to hit southern Japan on Sunday when the nation holds a national election, forcing officials in Okinawa to stage voting a day early on some remote islands. The Category 1 typhoon, located east of the Philippines on Friday morning and moving north, is expected to gain strength as it comes some 200 km (125 miles) east of Japan s southern island of Okinawa by Sunday, the Japan Meteorological Agency said. It will likely rain very heavily in the Nansei island chain (in southern Japan), in the Pacific side of western and eastern Japan from the 21st to 23rd. There is a chance it will rain violently in some regions, the agency said in a statement. According to the Tropical Storm Risk web site, the typhoon will likely strengthen to category 3, but weaken again by the time it brushes past Tokyo on Monday.",neutral_informational,neutral_informational-0032,0,,,ISOT-true,153,,-0.049808,-0.017866,0.031942,UNDEFINED
"Occupy Isn't About Electing Democrats--It's About Exposing a Broken System &#160;As long as there has been a thing called Occupy Wall Street, there have been people who've suggested it should become the left's version of the Tea Party. Josh Harkinson's piece is a notable contribution to the conversation because it comes after eight months of in-depth reporting on the movement. Harkinson, like Jennifer Granholm , suggests that Occupy should recruit and run candidates, so the left has champions in Congress and can credibly threaten less ideologically aligned Democrats. According to this logic, it doesn't matter if Occupy does this itself or essentially outsources the job to our progressive allies -- the point is to find ways to elect more good Democrats. The idea of a progressive Tea Party was totally my jam before Occupy started. Like Harkinson, I didn't see how the left could create real change in America without taking control of the Democratic Party.",high_outrage,high_outrage-0064,1,,2,SemEval-2019-Task4,156,0.471002,-0.015132,0.014364,0.029496,LOW
"Illinois’ Republican governor, Bruce Rauner, has ordered lawmakers to return to work starting next Wednesday to pass a budget as the clock ticks down to the July 1 start of a new fiscal year. But there is no sign in the Democratic-led legislature that a breakthrough in the 23-month impasse could be imminent. Rauner warned on Thursday that the inability to pass a budget could bring “devastating and long-lasting ramifications” for the nation’s fifth-largest state. Those include possible “junk” credit ratings, a halt to state-funded road projects, and suspension from national lotteries. Illinois is limping toward the June 30 end of an unprecedented second-straight fiscal year without a complete spending plan due to an impasse between Rauner and Democratic leaders. Rauner said he would sign into law a bill package unveiled by Republican legislators on Wednesday that includes a $36 billion budget, a school funding revamp, and several measures he has sought such as a local property tax freeze, term limits for top state officials and cost-saving changes to the system that compensates injured workers.",neutral_informational,neutral_informational-0098,0,,,ISOT-true,175,0.651436,-0.020122,0.039476,0.059598,LOW
"Today Is the 151st Birthday of All-Around Feminist Badass Nellie Bly Today would be the 151st birthday of Elizabeth Cochran—the groundbreaking journalist better known as Nellie Bly. In 1885, Bly wrote a furious letter to a Pittsburgh newspaper denouncing a column titled “What Girls Are Good For” that described the&#160;working woman as a “monstrosity” and said that women were best suited for domestic chores. Impressed by Bly’s letter, Pittsburgh Dispatch editor George Madden hired her as a full-time reporter under the pen name Nellie Bly. She was a trailblazing journalist, an unwavering champion for women and the working poor, and a brilliant muckracker. One of her most famous assignments was for the the New York World where she posed as a mentally ill woman and exposed the horrors of a women’s asylum on Blackwell’s Island. Bly also achieved worldwide fame with her 1889 trip around the world, which was inspired by Jules Verne’s novel “Around the World in Eighty Days.” She completed her journey in seventy-two days.",high_outrage,high_outrage-0016,1,,2,SemEval-2019-Task4,167,0.315420,-0.019791,0.009579,0.029370,LOW
"Is There A Zionist World Conspiracy? Is There A Zionist World Conspiracy? &#160; ""Let them all be confounded and turned back that hate Zion."" Psalm 129:5 Zionist Zi'on‘ist adj. &amp; n. - A Jewish movement that arose in the late 19th century in response to growing anti-Semitism and sought to reestablish a Jewish homeland in Palestine. Modern Zionism is concerned with the support and development of the state of Israel. source - answers.com By all popular definitions of the term ""Zionist"", it is someone who believes that the land of Israel has been promised to the Jew by God, and that it is their eternal homeland. Certainly when you read the bible you see that that is how God views it as well. But there are those who also think that Zionists are part of an ""evil cabal"" of Jews whose plan is world domination through the use of the world's financial markets and through the media.",high_outrage,high_outrage-0046,1,,2,SemEval-2019-Task4,157,1.180367,0.002872,0.012250,0.009378,MOD
"U.S. Debt Deal FAQ Still foggy on the basics of this week’s debt and deficit deal? The Guardian has published a no-nonsense guide explaining the meaning and function of the congressional “super committee,” the “trigger,” the “balanced budget amendment” and more, including the deal’s potential future. –ARK The Guardian: What’s the ‘super committee’? A 12-member congressional panel to meet in November and come up with a plan to reduce deficits by $1.2tn to $1.5tn over 10 years. It can consider tax or revenue increases. If it fails to produce a plan acceptable to Congress, the deal triggers steep, automatic cuts in spending of a similar size. How does this trigger work? The trigger is designed to encourage the committee to produce meaningful ways to cut the deficit. If it fails, across-the-board spending cuts in discretionary spending starting from fiscal year 2013 will be set in motion, with half coming from defence – a painful prospect for many Republicans.",high_outrage,high_outrage-0061,1,,2,SemEval-2019-Task4,158,0.510775,-0.026588,0.028803,0.055390,LOW
"This Week in Dark Money &lt;a href=""http://www.youtube.com/user/OccupyObamacare?feature=watch""&gt;OccupyObamacare&lt;/a&gt;/YouTube A quick look at the week that was in the world of political dark money … Dark money mastermind starts most generically named super-PAC ever: &#160;James&#160;Bopp, the brains behind the Citizens United case , has created a new super-PAC called the USA&#160;Super PAC . It’s not his first:&#160; Last May, he launched the Republican Super PAC, which hasn’t done much since , and he worked on the pro-Rick Santorum super-PAC Leaders for Families before throwing his support behind Mitt Romney. C is for campaign commercial (and that’s good enough for me): On Thursday, the 9th US&#160;Circuit Court of Appeals voted 2 to 1 to strike down a ban on political advertisements on public TV and radio. The court ruled that the ban was too broad, violated free speech rights, and that its repeal wouldn’t pose a threat to educational programming. Does this mean attack ads during Downton Abbey?",high_outrage,high_outrage-0051,1,,2,SemEval-2019-Task4,155,0.340740,-0.032089,0.017102,0.049191,LOW
"Global Stocks Rise as Investors Brush Off Tensions -- 4th Update Spanish assets recover -- Turkish lira sinks on political jitters Continue Reading Below -- Chinese stocks rise after holiday Stocks resumed their march higher Monday with investors largely brushing off a host of geopolitical tensions over the weekend. Futures pointed to a 0.1% opening gain for the S&amp;P 500, following a mostly upbeat session in Asia. The Stoxx Europe 600 edged up 0.2% morning trading after its biggest daily decline in a month. Spanish stocks led the morning's advance in Europe with shares of lenders CaixaBank and Banco de Sabadell up around 2%. Over the weekend, hundreds of thousands of Spaniards gathered in Barcelona on Sunday to decry Catalonia's secessionist push, while some Spanish companies said they would move their headquarters out of Catalonia to mitigate risks associated with potential Catalan independence. Advertisement Catalan President Carles Puigdemont asked to address the region's Parliament on Tuesday, to inform it ""of the current political situation."" ""Overall these events make a unilateral declaration of independence by Tuesday marginally less likely,"" economists at Barclays wrote in a note Monday.",high_outrage,high_outrage-0079,1,,2,SemEval-2019-Task4,186,0.181968,-0.041144,0.009375,0.050518,LOW
"Ireland does not need an election now that talks on the terms of Britain s exit from the European Union are entering a crucial phase on how to avoid a physical border between Ireland and Northern Ireland, Irish Foreign Minister Simon Coveney said on Friday. The Irish government was on the verge of collapse on Thursday after the party whose votes Prime Minister Leo Varadkar depends on to pass legislation said it would seek to remove the deputy prime minister in a breach of their cooperation agreement. Ireland does not need an election right now. There is no reason why Frances Fitzgerald should be forced to resign. The issues that are under discussion are under investigation by a tribunal we all agreed to set up, Coveney said. The main opposition party... are risking an election at a time when there are some really, really serious issues for the government to manage in the national interests, he said referring to Brexit negotiations.",neutral_informational,neutral_informational-0064,0,,,ISOT-true,161,,0.005080,-0.017194,-0.022274,UNDEFINED
"Here's the Top Reason Americans Don’t Feel Financially Secure About Retirement Americans have a host of financial fears Opens a New Window. , many of which center around retirement. But if there's one aspect of retirement that has us shaking in our boots, it's the concern about the affordability of healthcare during our senior years. In a recent Northwestern Mutual study Opens a New Window. , 58% of U.S. adults cited healthcare as their chief retirement concern, representing a 13% increase from the previous year. And the sad part? They're not wrong. Continue Reading Below Countless seniors rely on Social Security to provide the majority, if not all, of their income in retirement. The problem, however, is that in recent years, those benefits haven't come close to keeping up with rising medical costs. Social Security benefits are calculated based on a recipient's personal earnings record. However, once a base benefit amount is established, it's eligible for a yearly cost-of-living adjustment, or COLA Opens a New Window.",high_outrage,high_outrage-0018,1,,2,SemEval-2019-Task4,166,,-0.044811,-0.000803,0.044008,UNDEFINED
"President Donald Trump’s eldest son and a former business associate of the president are due to testify to the U.S. House of Representatives Intelligence Committee, as it continues its investigation of possible Russian involvement in the 2016 election, sources familiar with the schedule said. Donald Trump Jr. will appear before the committee on Wednesday and Felix Sater, a Russian-American who was a former Trump business associate who claimed deep ties to Moscow, as soon as Thursday, the sources said. Neither session will be public. Donald Trump Jr.’s attorney declined a request for comment on his Wednesday appearance, which was first reported by CNN. An attorney for Sater, Robert Wolf, did not respond to a request for comment. Another source said his session with the panel had been set for Thursday but might be rescheduled. Committee aides declined to comment. It is the Intelligence Committee’s policy not to comment on the schedule for closed meetings.",neutral_informational,neutral_informational-0068,0,,,ISOT-true,154,1.260024,0.013181,0.059025,0.045844,MOD
"Michelle Obama, Social Justice At The BET Awards On Sunday night, former first lady Michelle Obama made a virtual appearance at the BET Awards, introducing and singing the praises of hip-hop star Chance the Rapper for his snagging of the Humanitarian Award. Michelle's intro ushered in a speech from Chance focusing on social justice. ""Chance is showing our young people that they matter, that they have something inside of them that is worthy of being expressed, and they have so much to contribute to their community and our country,” Michelle told the BET audience. Chance, who is the youngest recipient of the award at 24-years-old, is also a Chicago native. As noted by The Hill, the hip-hop star gave a $1 million donation to the Chicago Public School system and raised over $2 million for Social Works, his nonprofit. “I can think of no better legacy to leave, and I am thrilled to celebrate you here tonight, and honored to call you my friend,” the former first lady added.",high_outrage,high_outrage-0065,1,,2,SemEval-2019-Task4,169,0.569989,-0.027540,0.037830,0.065370,LOW
"Just a few days after activist and filmmaker Michael Moore wrote an open letter to Ivanka Trump begging her to convince her father to end his presidential campaign because Trump is not well, Moore has released another article explaining the insane downward spiral that Trump s campaign has been going down.According to Moore s column on the AlterNet, Trump is trying to lose this election on purpose because he never wanted to be President of the United States in the first place. Moore believes that the only reason Trump was running was so that he could get a better deal on the next season of his reality TV show The Apprentice. Moore wrote that Trump: never wanted to be president of the United States. I know this for a fact. I m not going to say how I know it. I m not saying that Trump and I shared the same agent or lawyer or stylist or, if we did, that that would have anything to do with anything.",fear_activating,fear_activating-0064,1,,,ISOT-fake,169,0.131432,-0.002976,0.000602,0.003577,LOW
"Mr Spiridinov, from Russia, suffers from Werdnig Hoffman disease, a muscle wasting condition that seriously diminishes his physical capabilities and left him dependent on a wheelchair. Now he has announced his intention to become the world’s first subject of a full head transplant, so that his brain can be attached to a healthy body. Italian neuroscientist Dr Sergio Canavero claims he can complete the unprecedented procedure in less than a day. The whole process, Dr Canavero says, is “90 per cent” guaranteed to succeed, though he admitted: “Of course there is a marginal risk. I cannot deny that."" Other doctors have expressed serious doubts, and, in particular, the likelihood that Mr Spiridinov’s brain will still be functional by the time the surgery is complete. Mr Spiridinov, however, is more optimistic. “If I have a chance of full body replacement I will get rid of the limits and be more independent”, he said.",reward_hook,reward_hook-0052,1,,,Webis-Clickbait-17,152,0.565065,-0.025938,0.034998,0.060937,LOW
"NRA board member, draft-dodger, pedophile, and all-around terrible person Ted Nugent has a message for those embarrassing and pathetic victims of a recent mass-stabbing at a Minnesota mall and it s one that no decent person would even consider.On September 17, an attacker apparently affiliated with ISIS stabbed nine people at a mall in St. Cloud, Minnetota. He was eventually fatally shot by an off-duty police officer. Fortunately, the victims injuries were not life-threatening something most would celebrate, but Nugent deigns it appropriate to simply attack the victims because they didn t bring their guns to a knife-attack.In one of his traditionally hateful Facebook posts, Nugent unleashed on the victims in exactly the manner one would expect from a man who assumed legal custody of a 17-year-old girl so he could have sex with her. Calling the victims sad soulless & embarrassing, Nugent mocked them for being so pathetic and helpless, remarking that apparently most Americans like being victims :Previously, Nugent has attacked losers who don t carry guns after the mass shooting at Umpqua community College in Oregon last year, blaming them for being victims because they choose not to carry a security blanket firearm around.",fear_activating,fear_activating-0044,1,,,ISOT-fake,197,0.342437,-0.034764,0.018625,0.053388,LOW
"Docs leaked by Guccifer 2.0 show a memo from Nancy Pelosi giving directions to her minions about how to handle Black Lives Matter terror group.In the memo, Pelosi is careful to tell the DCCC staff to talk to BLM members, but make sure you don t allow them to meet with you in large numbers. In other words, feed the animals, but keep them at an arms length. This is exactly the kind of rhetoric you would expect from 5-star Nancy (who s net worth is listed at $74.11 million). Keep them engaged so you don t lose the Black voting block, but don t let them get too close Most notable is advising Democrats not to say All lives matter or to talk about black-on-black crime as this is the worst thing to say to Black Lives Matter activists.It describes BLM as radical , which is pretty accurate and notes that it extends beyond questions of police brutality to criminal justice reform .",fear_activating,fear_activating-0026,1,,,ISOT-fake,164,2.768410,0.025539,0.038415,0.012876,HIGH
"MTV Nominates French Techno for Video of the Year Super-hot Paris duo Justice’s single “D.A.N.C.E.” has been nominated for MTV’s “Video of the Year” alongside regulars Beyonce, Rihanna, Justin Timberlake and Kanye West, as well as newcomer Amy Winehouse. One might be tempted to see this nomination as an acknowledgement of grungy Francophile nu-rave’s dominion over dance floors worldwide (and it is a pretty good video to boot, featuring cute animated T-shirts); but really, it’s just a publicity stunt. It was just last year when the quirky video for Justice’s remix of Simian’s “Never Be Alone” upset Kanye West’s “Touch the Sky” for Video of the Year at the MTV Europe awards in Copenhagen; Kanye, famously , crashed the stage and gave an expletive-filled rant about why his “million-dollar” video should have snagged the award instead. So, as Idolator points out : MTV America is just concocting a cheeky little rematch between the hot-headed rapper and the hapless Frenchmen.",high_outrage,high_outrage-0062,1,,2,SemEval-2019-Task4,159,1.041547,0.003013,0.050475,0.047462,MOD
"Earlier this week at the World Conference of Science Journalists in Seoul, Nobel Prize-winning scientist Tim Hunt laid this on the audience during his remarks: “Three things happen when they are in the lab.... You fall in love with them, they fall in love with you, and when you criticize them, they cry."" Hunt, who won the 2001 Nobel Prize in medicine for his work on cell division and now works for Cancer Research UK, wasn't talking about whiny, distracting lab puppies. He was talking about women. He went on to say that he thought people should work in gender-segregated labs but that he hoped such sentiment wouldn't ""stand in the way of women."" The reaction in the science and science journalism community has been, well, about what you'd expect. I'm not going to embed any tweets, but my favorite lighthearted takes on the subject have been to the effect of well to be fair, most female scientists have a 'no Tim Hunt' policy in their labs and but where will we get that male co-author we're supposed to have if the lab is all female?!",reward_hook,reward_hook-0097,1,,,Webis-Clickbait-17,186,2.682847,0.042801,0.066641,0.023840,HIGH
"To report on the development, implementation and evaluation of the first year of the National Institute for Health Research 70@70 Senior Nurse Research Leader Programme. Internationally, there is a lack of nursing and midwifery research and policy contribution to healthcare sectors. To address this, funding was obtained for a Senior Nurse and Midwife Research Leader Programme in England. The programme aimed to increase nursing and midwifery research capacity and capability and support the development of future research leaders. The programme had three phases: development, implementation and evaluation. The cohort study's evaluation phase consisted of a survey and qualitative written feedback. An online survey was sent to cohort members (n = 66). Quantitative survey data was analysed in Survey Monkey. Written feedback asked cohort members to summarise their activities and any challenges. Data were thematically analysed. The ""Strengthening the Reporting of Observational Studies in Epidemiology"" reporting checklist was used. Thirty-nine (59%) cohort members responded to the survey.",neutral_informational,neutral_informational-0025,0,1.0,,PubMed,156,0.002801,-0.020902,0.000062,0.020964,LOW
"The Discreet Charm of the Venezuelan Opposition Caracas. Hugo havez had motivated his supporters to do a great job of organizing up to the vote, then got everyone up at 3 AM to get out to vote in the referendum. The lines were long and slow, with many waiting upt to 10 hours. Poll closing was extended from 6 pm to 8pm then to midnight, and the last people voted at about 2:30 or 3 AM. The last closings were mostly in the poorer regions, which have always had more voters per voting table than the middle class neighborhoods. This was not changed for this vote, unfortunately. The opposition complained that the automated fingerprint machines, included to avoid electoral fraud, delayed the process, so at about midday, the fingerprint part was ordered to be performed after one voted. At quarter to 4AM, the head of the electoral commission (CNE) announced, in a very brief statement, that Chavez won 58%, versus 42% to remove him, in the 94% tabulated of the electronically delivered voting machines ballots.",high_outrage,high_outrage-0085,1,,2,SemEval-2019-Task4,175,0.623903,-0.033948,0.057975,0.091923,LOW
"Opinion: Can John Kasich Fix Washington? When you’ve worked with as many top executives as I have, you can’t help but notice certain behavioral attributes that separate the extraordinary ones from the pack. Some qualities are probably fundamental to all great leaders, while others are surprisingly difficult to characterize. Continue Reading Below Take Ohio Governor John Kasich, for example. I wasn’t the least bit surprised to see him enter the crowded field of GOP hopefuls for the 2016 presidential nomination. Fund-raising ability aside (not exactly my thing), as I see it, he’s got an interesting balance of foundational and intangible qualities that make a great leader … of a company or a nation. While he comes across as a regular guy with a sort of endearing folksy quality, when it comes to his position on key issues, he never wavers. He’s always clear on what he stands for and why it makes sense to him.",high_outrage,high_outrage-0030,1,,2,SemEval-2019-Task4,155,0.018339,-0.014292,0.000286,0.014577,LOW
"By Anna Doble Newsbeat online editor From the topic Sport 09/06/15 Women's football matches once pulled bigger crowds than most men's games - sometimes more than 50,000. In the 1920s the sport flourished with around 150 women's teams in England. But then the women's game was effectively banned, with the FA at the time saying the game of football is ""quite unsuitable for females"". It was another half century until women's football got back on its feet and a key reason it lags behind the men's game today. As England start their World Cup campaign in Canada, we look at some facts you may not know about the women's game. Lily Parr was a winger and one of the first female professional players. She played for the Dick Kerr's Ladies team which got its name from the munitions factory in Preston where most of the team worked during World War One.",reward_hook,reward_hook-0079,1,,,Webis-Clickbait-17,151,,0.002307,-0.010379,-0.012686,UNDEFINED
"Kelly Ripa has pink hair! We repeat, Kelly Ripa has pink hair! The 44-year-old ""Live with Kelly and Michael"" co-host debuted her new look on Instagram on Tuesday, when she posted a bunch of similarly hued emojis and gave stylist Ryan Trygstad a shout out for transforming her locks. ""🌸?🍒?🍓?💗?💖?🎀? for the love of P!NK @ryantrygstadhair you are boss!"" Ripa captioned the Instagram snap. 🌸🍒🍓💗💖🎀 for the love of P!NK @ryantrygstadhair you are boss! A photo posted by Kelly Ripa (@kellyripa) on Jun 9, 2015 at 6:03pm PDT @kellyripa never stop playing ! 💞💞💓💗💗💗💗💗 @sallyhershbergernyc @swartists A photo posted by Ryan Trygstad (@ryantrygstadhair) on Jun 9, 2015 at 6:52pm PDT “They call me pinkie galore,” Ripa told the audience and viewers of her show on Wednesday, as it was the first time she was taking her newly colored hair on national television. “Every time I go on vacation I dye my hair a different color,” she explained.",reward_hook,reward_hook-0062,1,,,Webis-Clickbait-17,157,0.119495,-0.051090,0.007069,0.058159,LOW
"Recognizing and diagnosing the avoidance symptom cluster of posttraumatic stress disorder (PTSD) in young children has been challenging. This study examines caregivers' descriptions of young children's avoidance reactions. By describing parents' examples of childhood avoidance, clinicians, researchers, and educators may be able to provide more specific psychoeducation which may improve identification of avoidance behaviors in young children. Caregivers (N=73) of young children (age 3-7 years) participated in a semi-structured diagnostic clinical interview prior to enrolling in a clinical trial for childhood trauma. The assessment regarding the caregiver's description of the child's avoidance was audio recorded and transcribed for a thematic analysis. Most caregivers reported that the child experienced avoidance. Avoidance of conversation and places were the most reported type of child avoidance. Other types of avoidance included avoiding people, things, interpersonal situations, and activities. Some caregivers thought that their child avoided thoughts and feelings, but other caregivers were unsure if their child was avoiding these types of private experiences.",neutral_informational,neutral_informational-0065,0,1.0,,PubMed,159,,-0.024369,-0.002920,0.021448,UNDEFINED
"U.K. Troops Suspected of Murdering Iraqi Civilians British soldiers are suspected of murdering a number of Iraqi civilians in the wake of the 2003 invasion. But military prosecutors have resisted filing any charges, saying there is no realistic prospect of winning convictions. –JCL The Guardian: British soldiers and airmen are suspected of being responsible for the murder and manslaughter of a number of Iraqi civilians in addition to the high-profile case of Baha Mousa, defence officials have admitted. The victims include a man who was allegedly kicked to death on board an RAF helicopter, another who was shot by a soldier of the Black Watch after being involved in a traffic incident, and a 19-year-old who drowned after allegedly being pushed into a river by soldiers serving with the Royal Engineers. Military police recommended that some of the alleged killers be put on trial for murder and manslaughter, but military prosecutors declined to do so after concluding that there was no realistic prospect of convictions.",high_outrage,high_outrage-0008,1,,2,SemEval-2019-Task4,165,,0.039951,0.012194,-0.027757,UNDEFINED
"After 8 years of austerity, Greece gets EU budget approval After eight years of toil by the Greek people, the European Union's executive arm is recommending that Greece be taken off its list of budget offenders, a move it hopes will help the country to start tapping financial markets for money soon. Wednesday's proposal from the EU Commission to end the so-called ""excessive deficit procedure"" on Greece comes after a sharp improvement in the country's finances following years of spending cuts and tax increases and a recession that wiped out a quarter of the economy and caused unemployment and poverty to swell. Continue Reading Below ""This is a very symbolic moment for Greece,"" said Pierre Moscovici, the EU's top economy official. ""It's the end of austerity, and the end of austerity means also we need to move to a strategy that's based on growth, job creation and social fairness."" Greece has been under the spotlight since 2009 when its debt crisis exploded in the wake of a statistics scandal that showed the public finances were in far worse shape than thought.",high_outrage,high_outrage-0020,1,,2,SemEval-2019-Task4,181,0.327503,-0.014422,0.007510,0.021932,LOW
"In response to the establishment media s contrived fake news crisis designed to marginalise independent and alternative media sources of news and analysis, 21WIRE is running its own #FakeNewsWeek awareness campaign, where each day our editorial team at 21st Century Wire will feature media critiques and analysis of mainstream corporate media coverage of current events exposing the government and the mainstream media as the real purveyors of fake news throughout modern history Join Patrick every Wednesday at Independent Talk 1100 KFNX and Alternate Current Radio for the very best in news, views and analysis on all top stories domestically and abroad THIS WEEK: Episode 12 This week we tackle the issue of fake news through a historical lens and from behind the media curtain In our main feature segment, host Patrick Henningsen is joined by special guest, investigative journalist, Mark Anderson from American Free Press and The Truth Hound, to talk about his experience covering the Bilderberg Group, as well as the faux crisis known as fake news where it came from and what it means in the context of today s political circus.",fear_activating,fear_activating-0088,1,,,ISOT-fake,184,1.136256,0.004188,0.026586,0.022398,MOD
"Carly Fiorina has joined the ranks of the biggest hypocrites of all time. Joining the likes of Josh Duggar, Sarah Palin and Kim Davis, Fiorina has committed the ultimate of egregious errors: She worked for a company that profited from fetal stem cell research.In a scathing report from Al Jazeera America, Fiorina was exposed for collecting some $83000 working for a major pharmaceutical company:Republican presidential candidate Carly Fiorina, a staunch opponent of abortion, made at least $83,000 serving on the board of directors of Merck & Co. at a time when the pharmaceutical company was producing vaccines using fetal stem cell lines derived from aborted fetuses, according to corporate documents reviewed by Al Jazeera America. The program Inside Story with Ray Suarez also obtained documents indicating that during Fiorina s tenure on the board, anti-abortion groups had asked Merck to stop producing such vaccines, and that the company had refused.How can someone be so openly pro-life and still cash a check earned at least in part by the use of fetal tissue?",fear_activating,fear_activating-0034,1,,,ISOT-fake,172,0.620843,-0.011904,0.021129,0.033032,LOW
"Heart-stopping near-miss video: Plane aborts landing at last second to avoid collision This is a heart-stopping moment to watch and a fortunate save on the part of the pilot. The miracle was shared on social media to a stunned audience that made it go viral. Miguel Ángel posted the incident on You Tube Sunday, but the near-miss happened early the morning before. An UTair Boeing 767-300 (VQ-BSX) incoming from Moscow as UT5187 and Aerolíneas Argentinas Airbus A340-300 (LV-FPV) were involved into what could be the bigger disaster of Barcelona Airport. After that incidence the plane landed safely on runway 02, and the Argentinas took-off heading Buenos Aires Check out the video and reactions via Live Leak : Here’s a sample of the humor from a few of the 500 plus comments on Live Leak: Imagine being a passenger on the right side of the plane, LOL. Be scarier than seeing Oprah Winfrey step out of the bath.",high_outrage,high_outrage-0001,1,,2,SemEval-2019-Task4,157,0.528398,-0.026395,0.030695,0.057090,LOW
"When the right-wing terrorists took over the Malheur National Wildlife Preserve, the first thought many had was of the guy pointing his weapon at a BLM agent from between Jersey barriers when the Cliven Bundy incident happened. When we learned that it was Bundy s own sons leading the charge to free a remote corner of Southeast Oregon from oppression, those fears were multiplied.Then something magical happened. Within hours we learned that the occupation would be a gathering of nitwits the likes of John Ritzheimer who were too stupid to bring enough supplies to feed themselves for a camping trip, never mind a standoff that Ammon Bundy said would last years.We learned that the desperate plea for snacks was foolish not only because these were supposed to be those survivalists we all hear about being prepared for the zombie apocalypse but because the local authorities suggested they just go to the store since nobody was watching them.The frightening became stupid and then completely ludicrous.",fear_activating,fear_activating-0003,1,,,ISOT-fake,164,1.408569,0.010617,0.033155,0.022538,MOD
"This election is already the nastiest one on record in American political history. The aftermath could end up being the bloodiest if Trump supporters follow through on their threats. If she s in office, I hope we can start a coup, Trump supporter Dan Bowman declared at a rally earlier this month. She should be in prison or shot. That s how I feel about it. We re going to have a revolution and take them out of office if that s what it takes. There s going to be a lot of bloodshed. But that s what it s going to take I would do whatever I can for my country. Bowman is not alone either. Many Trump supporters are simply waiting for Trump to give the word on Election Day, like this person who aimed a gun at Hillary while she was on television during the debate.This all stems from Trump s assertion that the election is rigged for Hillary Clinton and that Second Amendment people should do something to stop her.And right-wing radio hosts like Joe Walsh are only throwing gas on the fire.",fear_activating,fear_activating-0006,1,,,ISOT-fake,187,0.209944,-0.001236,0.000594,0.001830,LOW
"A lot of people get married. And if things work out, they'll stay happily married. But things don't always work out. Using individual-level Census data from the Minnesota Population Center's Integrated Public Microdata Sample project, we took a closer look at different marital outcomes by each year of age in 2013, the latest year for which data is available. Based on responses to questions about marital status and number of marriages, we found the proportion of the population at each age that had never married, was in its first marriage, was widowed, or was in a situation in which its first marriage had ended. That last group combines people who responded that they were divorced, separated from their spouse, or in a second, third, or later marriage. In 2013, about 12% of 30-year-olds had already ended one marriage. The proportion of people who were divorced, separated, or married multiple times maxed out at age 59, when about 42% of respondents fell into this category.",reward_hook,reward_hook-0029,1,,,Webis-Clickbait-17,164,0.537305,-0.062589,0.073843,0.136432,LOW
"The geometrical characterization of ascending thoracic aortic aneurysms in clinical practice is limited to diameter measurements. Despite growing interest in hemodynamic assessment, its relationship with ascending thoracic aortic aneurysm pathogenesis is poorly understood. This study examines the relationship between geometry of the ventriculo-aortic junction and blood flow patterns in ascending thoracic aortic aneurysm disease. Thirty-three patients with ascending thoracic aortic aneurysms (exclusions: bicuspid aortic valves, connective tissue disease) underwent 4-dimensional flow magnetic resonance imaging. After image segmentation, geometrical parameters were measured, including aortic curvature, tortuosity, length, and diameter. A unique angular measurement made by the trajectory of the left ventricular outflow tract axis and the proximal aorta was also conducted. Velocity profiles were quantitatively and qualitatively analyzed. In addition, 11 patients (33%) underwent wall shear stress mapping of the ascending thoracic aortic aneurysm region using computational fluid dynamics simulation. Greater left ventricular outflow tract aortic angles were associated with larger aortic diameters at the levels of the sinus (coefficient = 0.387, P = .014) and ascending aorta (coefficient = 0.284, P = .031).",neutral_informational,neutral_informational-0001,0,1.0,,PubMed,173,0.033191,-0.020964,0.000754,0.021718,LOW
"What Is To Be Done? A number of readers of this column have said, in effect, “You are critical of our current policies in Iraq. What would you do instead?” I addressed this in an earlier column, but there are a good number of new readers, so it is probably time to revisit what I said then and perhaps add a few points. The most important thing we should do is set a date certain for leaving Iraq and make it soon. given the time it will take to get all our troops and stuff out, we might move that to December 25. That way, it would be a Christmas present to our soldiers and to the people of Iraq as well. Once we have set a date, there will be less reason for Iraqis to attack American soldiers. Those soldiers will be gone soon anyway; why not just wait for them to leave?",high_outrage,high_outrage-0088,1,,2,SemEval-2019-Task4,154,0.465971,-0.015521,0.014415,0.029936,LOW
"By Eli Epstein Presented by the Infiniti Q50 By Eli Epstein Presented by the Infiniti Q50 As much as we've grown to love the always increasing number of zany smart devices in our lives (hello, brewing coffee using your smartphone), new technologies enable us to do much more than automate and simplify mundane tasks. Around the world, revolutionary technological ideas are helping individuals live fuller lives, engage with their communities and, most importantly, help others. In this piece, Mashable examines three cutting-edge technologies and speaks with those who they've inspired and empowered. Conquering wearable tech and owning the boardroom For almost as long as Kristen Regelein can remember, hearing aids have been a bane. Deaf since the age of three, Regelein was teased and ignored by her peers in school because of her deafness and listening devices. ""Growing up, I had a hard time not letting my hearing loss keep me from interacting with others,"" she says.",reward_hook,reward_hook-0017,1,,,Webis-Clickbait-17,157,,-0.022562,-0.017461,0.005101,UNDEFINED
"SHAH PORIR DWIP ISLAND, Bangladesh - On a remote beach looking out onto the Bay of Bengal, a baby boy lies swaddled in cloth, his face smeared with wet sand. The bodies of nine more children and eight women lie alongside. Another woman and a child have already been buried. The group, all Rohingya Muslims from Myanmar, were found washed up on the shore on Thursday by villagers from Shah Porir Dwip island in Bangladesh, a short distance from the mouth of the Naf river that separates the two countries. They died after two rickety boats capsized as they fled a Myanmar army counteroffensive that followed Rohingya insurgent attacks on security forces last week. Nearly 30,000 more Rohingyas have made the perilous crossing by boat or on foot into Bangladesh, while 20,000 more are stuck in no man s land at the border. We left after the army came early yesterday.",neutral_informational,neutral_informational-0028,0,,,ISOT-true,151,0.417862,-0.017481,0.013266,0.030748,LOW
"The objective of this study was to investigate the rate of polypharmacy and predictors in community-living people with traumatic spinal cord injury (TSCI). Cross-sectional study. Outpatient clinic of the rehabilitation hospital. Seventy-five patients with TSCI ≥ 12 months were included in this study. Demographic features were noted. American Spinal Injury Association Impairment Scale (AIS) was used to measure the neurological injury severity. Functional status was evaluated by Spinal Cord Independence Measure (SCIM) III. The Cumulative Illness Rating Scale (CIRS) was used to determine the comorbidities. Daily drug use ≥5 was considered to be polypharmacy. The mean age was 41.3 ± 16.1 years. The mean injury duration was 55.5 ± 51.6 months. Thirty-nine (52%) patients were married, while 36 (48%) lived alone. The mean body mass index (BMI) was 25.4 ± 5.1 kg/m². AIS upper and lower extremity motor scores were 45.5 ± 11.1 and 10.3 ± 15.8, respectively. The mean SCIM III score was 56.4 ± 18.8.",neutral_informational,neutral_informational-0043,0,1.0,,PubMed,157,,-0.027186,-0.001460,0.025726,UNDEFINED
"Within the presented prospective study, we aimed to illuminate the effect of long-term physical exercise on serum levels of adipsin (complement factor D) and angiopoietin-like 4 (ANGPTL4). Although past studies already outlined the effects of acute exercise, our trial design aimed to depict the development under long-term physical activity conditions. Ninety-eight participants were included in the study and were asked to perform eight months of moderate physical activity for at least 150 minutes/week and/or vigorous-intensity exercise for at least 75 minutes/week. According to initial performance and performance gain throughout the study period, four groups were formed and subsequently compared. Blood sampling for the determination of routine laboratory parameters was done at baseline, after 2, 6, and 8 months. Additionally, adipsin and ANGPTL4 serum levels were concurrently quantified using commercially available ELISA kits. The study cohort consisted of 61.2% male participants with an average age of 49.3±6.7 years. Adipsin and ANGPTL4 were found to be strongly increased by long-term physical exercise.",neutral_informational,neutral_informational-0063,0,1.0,,PubMed,160,0.039389,-0.023841,0.001019,0.024859,LOW
"DES MOINES, Iowa - U.S. Republican presidential candidate Donald Trump offered fresh details of how he would tackle illegal immigration on Saturday, saying he would crack down on those who overstay their visas as he sought to quiet criticism from conservatives. In a campaign speech in Des Moines, Iowa, Trump also cited the shooting death of a cousin of NBA star Dwyane Wade to urge African-American voters to rally behind him, calling it an example of violence that has to be addressed. Trump, speaking on the Iowa State Fairgrounds with hay bales stacked behind him, sought to clarify his views on how to overhaul the U.S. immigration system after saying earlier in the week that he was softening on his plan to deport all 11 million illegal immigrants. That stance drew fire from conservatives who wanted him to stand fast after he won the Republican presidential nomination in large part by a hardline stance that would include building a wall along the U.S.",neutral_informational,neutral_informational-0000,0,,,ISOT-true,163,0.674268,-0.014728,0.032557,0.047285,LOW
"Don’t Mention the War From the beginning, economics has been a moral philosophy — a vision of capitalist society — as much as a social science. In classical political economy, class was central to both. In the famous line from David Ricardo’s 1817 Principles , political economy’s “principal problem” was discovering the laws that determine how wealth is divided among the “three classes of the community”: laborer, capitalist, and landowner. Marx, writing half a century later, charged that the classical paradigm had degenerated once the moral implications of Ricardo’s class analysis became too uncomfortable to bear. Apologists and “vulgar” economists had come to deny any fundamental disharmony of interests: production, they claimed, involved the cooperation of different classes, and the rewards to each reflected the freely agreed market value of what they contributed. Neoclassical economics is the heir to the moral vision of these “vulgar” economists — although marginalism put its analysis on a far more sophisticated footing.",high_outrage,high_outrage-0015,1,,2,SemEval-2019-Task4,158,0.168195,-0.009809,0.002186,0.011994,LOW
"Sometimes you ve got to laugh especially if you re the Democratic nominee, who is currently facing down a level of unbridled hatred that rivals all previous presidential candidates with the exception of Barack Obama. Recently, Hillary contracted pneumonia or, if you listen to our friends on the Right, she s on her deathbed and completely unfit to serve as President because reasons. The downright comical reaction to this, coupled with the numerous right-wing anti-Hillary witch hunts like Benghazi and the manufactured controversy over her emails, is enough to give one a chuckle but it s even more fun when one of the ignoramuses who subscribe to such ridiculous notions stops by one of her rallies to tell the Democratic nominee how he really feels about her.As Hillary spoke to a crowd in Greensboro, North Carolina, a heckler screamed: F*ck Hillary. Hillary s reaction was priceless. As the crowd cheered for her and Hillary chants broke out, a grin formed on the face of the former Secretary of State, quickly turning into a chuckle then a full-blown laugh.",fear_activating,fear_activating-0038,1,,,ISOT-fake,178,0.798596,-0.006092,0.028121,0.034213,LOW
"Setting the Record Straight on Afghanistan &lt;a href=""http://www.flickr.com/photos/soldiersmediacenter/2430972873/in/photostream/""&gt;The U.S. Army&lt;/a&gt;/Flickr This story first appeared on the TomDispatch website. Afghanistan may turn out to be one of the great misbegotten “stimulus packages” of the modern era, a construction boom in the middle of nowhere with materials largely shipped in at enormous expense to no lasting purpose whatsoever. With the US military officially drawing down its troops there, the Pentagon is now evidently reversing the process and embarking on a major deconstruction program. It’s tearing up tarmacs, shutting down outposts , and packing up some of its smaller facilities. Next year, the number of International Security Assistance Force (ISAF) coalition bases in the southwest of the country alone is scheduled to plummet from 214 to 70, according to the New York Times. But anyone who wanted to know just what the Pentagon built in Afghanistan and what it is now tearing down won’t have an easy time of it.",high_outrage,high_outrage-0014,1,,2,SemEval-2019-Task4,157,,-0.050584,-0.013530,0.037053,UNDEFINED
"Social media and internet platforms have become significant drivers of mass-information. Highly publicized events, such as John McCain's announcement of his glioblastoma diagnosis, often drive national public interest in medical topics. Improved understanding of the temporality of interest spikes as well as the nature of the information that garners attention from outside the medical community can help inform ways in which the medical community can boost awareness of (and interest in) the field of neurosurgery. We utilized the ""explore topics"" feature on Google Trends to obtain web, news, and YouTube search data from May 1, 2015, to May 1, 2019 for the terms ""glioblastoma,"" ""brain tumor,"" ""stroke,"" and ""multiple sclerosis"" to identify periods of visibly increased search interest. Search results for ""glioblastoma"" showed significantly elevated average interest during the period of July 3-23, 2017, as compared to that generated since this specific time period (42.6 vs. 8.73, P<0.001). This increased search activity therefore directly correlated with John McCain's public announcement of his glioblastoma diagnosis, and a similar search interest spike was evident using the search term ""brain tumor"" (87.3 vs.",neutral_informational,neutral_informational-0031,0,1.0,,PubMed,180,0.142291,-0.034817,0.005942,0.040758,LOW
"Russian opposition leader Alexei Navalny on Sunday cleared the first hurdle towards taking part in next year s presidential election, even though the central election commission has previously ruled him ineligible to run. Navalny, 41, is a fierce opponent of President Vladimir Putin, who is widely expected to win re-election in March, extending 17 years in power. A veteran campaigner against corruption among Russia s elite, he won the initial support of 742 people at a gathering in a district of Moscow - above the minimum 500 required to initiate a presidential bid. There is no large-scale support for Putin and his rule in this country, Navalny told the meeting, describing himself as a real candidate for election and threatening a boycott of the vote by his supporters if he is barred from running. On Sunday evening, Navalny submitted the documents to the central election commission needed to be registered as a candidate.",neutral_informational,neutral_informational-0072,0,,,ISOT-true,153,0.454261,-0.017955,0.015778,0.033732,LOW
"On Saturday, the man we re forced to call President Trump responded to Golden State Warriors star Stephen Curry s refusal to accept an invitation to the White House by doing the internet equivalent of incoherently screeching WELL FINE, YOU RE NOT INVITED ANYWAY. Going to the White House is considered a great honor for a championship team.Stephen Curry is hesitating,therefore invitation is withdrawn! Donald J. Trump (@realDonaldTrump) September 23, 2017Unfortunately for Trump, Warriors coach Steve Kerr has Curry s back. The idea of civil discourse with a guy who is tweeting and demeaning people and saying the things he s saying is sort of far-fetched, Kerr said on Sunday. Can you picture us really having a civil discourse with him? It was an actual chance to talk to the president, he said. After all, he works for us. He s a public servant. He may not be aware of that, but he is a public servant, right?",fear_activating,fear_activating-0002,1,,,ISOT-fake,158,,0.016600,0.011409,-0.005191,UNDEFINED
"Indian police have arrested two Hindu farmers in connection with the killing of a Muslim man suspected of smuggling cows to a slaughter house, the investigating officer said on Wednesday. Hardline Hindu groups have gained prominence since Prime Minister Narendra Modi s nationalist Bharatiya Janata Party came to power in 2014, and the protection of cows, considered holy by many in the Hindu-majority country, is a priority for them. Police found the body of Ummar Khan, 35 on Friday on railway tracks in Alwar district, in the northwestern state of Rajasthan. The two suspects were detained on Monday and arrested the next day, said Rahul Prakash, the top police officer in Alwar. It is a clear case of murder over the issue of cow protection and we have also found that the victim was running a cow-smuggling racket, Prakash said. Khan and two accomplices were using a stolen vehicle to transport five cows when they were attacked by six members of a self-styled cow protection force, he said.",neutral_informational,neutral_informational-0004,0,,,ISOT-true,168,0.956337,-0.000490,0.032630,0.033120,LOW
"The University of Chicago s admissions office is offering a reward to its student tour guides who can dispel the notion among prospective students and their families that the city is unsafe and scary. In an email obtained by The Chicago Maroon, Colleen Belak, the assistant director of admissions at the university, offered a $500 cash prize to those who find a creative way to dispel the negative perception about Chicago s violence epidemic. FOX If you ve paid attention to the national news (or Donald Trump s tweets) over the last few months, you ll notice that the city of Chicago is often painted with a broad brush as an unsafe or scary place to reside, Belak wrote to the campus tour guide listhost. Of course, certain realities should not be ignored, but at the end of the day most of us are proud Chicago residents with a deep love of the city.",fear_activating,fear_activating-0066,1,,,ISOT-fake,154,1.674593,0.009554,0.021234,0.011680,MOD
"Few studies have demonstrated that peer-led manual wheelchair (MWC) skills training can increase MWC skills, MWC use self-efficacy and satisfaction with participation of MWC users. Limited information is available on MWC skills training in the community. The primary objective was to measure the influence of Roulez avec confiance (RAC, which translated to ""Wheeling with confidence""), a peer-led community-based wheelchair skills training program, on satisfaction with participation. The secondary objectives were to explore the: (1) influence of RAC on MWC use self-efficacy, MWC skills, and quality of life; (2) experiences of the participants who completed RAC and (3) three-month retention of outcomes. A parallel mixed design was used with validated questionnaires on satisfaction with participation (WhOM), MWC use self-efficacy (WheelCon-M), MWC skills (WST-Q), quality of life (SWLS) and a semi-structured interview on participants' experiences. Non-parametric longitudinal analyses of the questionnaires and thematic content analysis of the interviews were completed. Nineteen community-dwelling MWC users participated.",neutral_informational,neutral_informational-0073,0,1.0,,PubMed,153,,-0.035919,-0.013920,0.021999,UNDEFINED
"Johnny Depp will not be voting for Donald Trump, judging from the award-winning actor s comments during a recent sit-down Q&A at Arizona State University on Saturday.The Q&A was focused around the methods Depp uses in his acting, but the actor couldn t help but go off on a Trump rant while speaking with theoretical physicist and Arizona State University s Origins Project founder Lawrence Krauss about humanity in madness. Depp didn t mince his words as he railed against the GOPer, calling him a brat. Depp began by stating that he didn t think the candidate s offensive behavior was merely a result of him being a rich kid. Depp added, There s something creative about him in a sense of bullydom before ultimately coming to the conclusion that What he is, I believe, is a brat. Depp also commented on Trump s raunchy, brash language by stating how interesting it was to follow the absurdity of where his sentences might travel.",fear_activating,fear_activating-0098,1,,,ISOT-fake,163,0.712741,-0.001397,0.005948,0.007345,LOW
"It looks like Justice Antonin Scalia s untimely death is not just causes Republicans to lose their minds in fear, a giant corporation embroiled in a class action lawsuit is just as scared. In fact, they are so afraid of the possibility of a split or liberal Supreme Court that they have settled their lawsuit for almost a billion dollars.Dow Chemical was set to go in front of the SCOTUS after a 2013 ruling by a Kansas court upheld a massive $1.06 billion judgement against the company for price-fixing. The company sued and found liable after being accused of colluding with four other chemical companies (Bayer AG, BASF SE, Huntsman International LLC and Lyondell Chemical Co.) to fix the prices of polyether polyol products which are used to make urethane foam in order to overcharge customers in the 90s and early 2000s.The company was counting on Scalia to rule in their favor and overturn the huge judgement, but then he died.",fear_activating,fear_activating-0016,1,,,ISOT-fake,161,0.697156,-0.014969,0.036762,0.051732,LOW
"Dow Transports Bounce Back Into Positive Territory, While The Dow Industrials Stay Down The Dow Jones Transportation Average have bounced back into positive territory, which could be an encouraging sign for investors in the face of sharp declines in the broader stock market. The Dow transports were up 0.1%, with 14 of 20 components trading higher, after being down as much as 0.5% earlier in the session. Meanwhile, the Dow Jones Industrial Average has down 153 points, with 26 of 30 components losing ground, while the S&amp;P 500 shed 0.6% and the Nasdaq Composite fell 0.6%. The number of advancing stocks outnumbered decliners by a 2,187 to 779 score on the NYSE and by an 1,872 to 785 margin on the Nasdaq. The century-old Dow Theory of market analysis suggests that the Dow transports and Dow industrials should trend in similar directions, because ""the industrials make and the transports take,"" according to S&amp;P Dow Jones Indices.",high_outrage,high_outrage-0006,1,,2,SemEval-2019-Task4,156,0.439936,-0.056272,0.044988,0.101259,LOW
"President Obama should put the National Guard and other military units on standby on Election Day.Because if Trump supporters don t get the results they want, they are going to try to kill Hillary Clinton and anyone else standing in the way of their party taking over the government.The Boston Globe attended a Donald Trump rally in Ohio last week and talked to several suppporters of the Republican nominee about what they will do if their candidate loses.To them, however, the only way Trump can lose is if their is election fraud, which Trump has already accused Hillary Clinton of committing.In Pennsylvania in August, Trump declared that the only way he can lose is if Hillary Clinton cheats, thus setting the stage for massive complaints of election fraud if Hillary wins the election on November 8th, even by a landslide.Trump has made his crowd of middle-aged white supporters very angry and very paranoid.Scott Webb is taking his command from Trump to watch polling places very seriously.",fear_activating,fear_activating-0083,1,,,ISOT-fake,166,,-0.020507,-0.002441,0.018066,UNDEFINED
"Spring Savings: What's on Sale in April Is April the Cruelest Month? Not When You're Saving! Continue Reading Below Whether you crave a fresh salad, a little chocolate or a new laptop, you can probably find a deal this month. April showers? Get a slicker at less-than-sticker price. Want to turn that patio or deck into your home-outside-of-home for the next five months? You might find decent discounts on furniture, containers and flowering plants. Whether you want to add a little spring zing to your menu, home or attitude, here are more than 20 items on which you can find discounts, deals and sales this month. Chocolate, Jelly Beans on Sale in April April holidays mean deals on candy, from chocolate bunnies to jelly beans. Advertisement Early in April, the biggest discounts are on Easter candy: treats such as ""chocolate bunnies and chocolate eggs filled with peanut butter or cream or different confections,"" says Denise Alvarez, marketing manager for Retail Confectioners International, an association of independently owned candy producers and retailers.",high_outrage,high_outrage-0052,1,,2,SemEval-2019-Task4,171,,-0.027707,-0.028313,-0.000607,UNDEFINED
"A new report on the teaching of Shakespeare in higher education found that English majors at the vast majority of the country’s most prestigious colleges and universities are not now required to take an in-depth Shakespeare course — but the Bard remains a fixture in high school English classes. In fact, studying Shakespeare is a requirement in the Common Core English Language Arts standards, mentioned in specific standards throughout high school. For example, in ninth and tenth grades: CCSS.ELA-Literacy.RL.9-10.9 Analyze how an author draws on and transforms source material in a specific work (e.g., how Shakespeare treats a theme or topic from Ovid or the Bible or how a later author draws on a play by Shakespeare). And in eleventh and twelfth grades: CCSS.ELA-Literacy.RL.11-12.7 Analyze multiple interpretations of a story, drama, or poem (e.g., recorded or live production of a play or recorded novel or poetry), evaluating how each version interprets the source text.",reward_hook,reward_hook-0025,1,,,Webis-Clickbait-17,154,0.135472,-0.020756,0.003409,0.024166,LOW
"If you don’t know DARPA, you should. The Defense Advanced Research Projects Agency is a division of the military charged with coming up with the coolest, most useful possible new technologies for our defense forces. It’s a U.S. government agency that routinely fires on all cylinders, backs good ideas, and improves the lives of us all. The great thing is that DARPA frequently winds up producing rich fruit for the entire world to use; its past projects have spawned such hits as Google’s self-driving cars, GPS, Siri, and, by the way, the Internet. (Here’s a I conducted with Dan Kaufman, one of DARPA’s directors.) Now, DARPA is tackling robots. Not mechanical arms in car factories and the like—real robots, the kind we’ve seen in movies for decades, the kind little kids picture when they hear the term “robots.” We’re talking about humanoid, two-legged, walking, thinking machines. Why? In 2011, an earthquake and tsunami in Japan triggered a meltdown at the Fukishima nuclear power plant.",reward_hook,reward_hook-0019,1,,,Webis-Clickbait-17,164,0.642412,-0.001980,0.005354,0.007334,LOW
"Donald Trump has already proven to America that he attracts the energy that he puts out. This has been especially true for his loyal supporters, as his racism and xenophobia have attracted white supremacists, fascists and neo-Nazis from all over the country. However, his fear mongering tactics don t just appeal to his fans. It turns out, some of the presumptive Republican nominee s delegates are just as racist and hateful, and it s creating a movement that is becoming more of a threat to America s safety with every passing day.A recent example of just how deadly Trump s supporters are can be shown with the recent words of David Riden, a top delegate to Trump who will be attending the Republican National Convention. In an interview with Mother Jones, Riden had some terrifying words for how he would like to correct our government, which he claims is way off away from the Constitution right now.",fear_activating,fear_activating-0020,1,,,ISOT-fake,157,,-0.003054,-0.004364,-0.001310,UNDEFINED
"Romney's Advice to College Grads: Get Married, Have Babies During a commencement speech April 27 at Southern Virginia University, where most of the students are Mormon, failed Republican presidential candidate Mitt Romney offered this piece of advice to college graduates: Get married, have lots and lots of babies, and do both of those things right this instant. “If you meet someone you love, get married. Have a quiver-full of kids if you can,” the former Massachusetts governor said. What you shouldn’t worry about, however, is getting a job and making money to support said “quiver-full of kids.” (But don’t expect the government to help you out on that front either, you moocher , so yeah, you probably should worry about getting a job.) AlterNet: As Romney reminds the class of Southern Virginia University, wealth is not guaranteed. Not everybody knows how to cut corners, exploit workers, and watch the profits rise.",high_outrage,high_outrage-0028,1,,2,SemEval-2019-Task4,151,0.938329,-0.002075,0.046792,0.048868,LOW
"Early optimism among business lobbyists and executives that Donald Trump’s election heralded better days has slowly given way to uncertainty as the president-elect fires off mixed and sometimes confusing messages on healthcare, taxes and trade. An initial euphoria in the business world fueled a powerful post-election stock rally. Some of that has frayed as questions arise over the nuts and bolts of Trump’s campaign promises, although many in the business community said they remained optimistic. Doubts deepened over the weekend as Trump declared he would replace President Barack Obama’s signature healthcare plan known as Obamacare with “insurance for everybody” - a goal far beyond Republican designs - and criticized a key component of a plan in Congress to overhaul corporate taxes. In a later interview, he appeared to adjust both stances, possibly adding to the confusion. “It is fair to say that since the election, there has been mounting uncertainty about exactly what the specific policies are likely to be with regard to tax reform and replacing Obamacare,” a financial industry official said.",neutral_informational,neutral_informational-0002,0,,,ISOT-true,173,0.581875,-0.012321,0.018537,0.030858,LOW
"For more than two weeks now, the nation has watched in frustration as a band of wannabe patriots who are nothing more than domestic terrorists have continuously disrupted the lives of the good people of Harney County, Oregon with their armed occupation of the Malheur Wildlife Refuge. Well, it seems that these fools may have met their match.Kieran Suckling, who is the Executive Director of the Center for Biological Diversity, says that there is a couple who is challenging the armed idiots in their own way, and it is nothing short of glorious. According the the Center s Facebook: Each night, these two tent camp in the rain and snow. Each morning, they wake up, warm up, and go down the road to protest the Bundy militia s daily press conference. They won t leave until the militants do, they say. They are here, they say, because our laws and public land deserve the dignity and protection of people standing up peacefully yet forcefully against those who would steal them at gunpoint.",fear_activating,fear_activating-0094,1,,,ISOT-fake,172,,-0.006051,-0.012301,-0.006251,UNDEFINED
"On NBC s Meet The Press, host Chuck Todd cornered Republican presidential front runner Donald Trump for his attacks on Hillary Clinton s marriage and the sexual indiscretions of her husband by pointing out something Trump doesn t want Americans to focus on his own romantic history.During the segment, Trump continued his attacks on the Democratic front runner by bringing up ex-president Bill Clinton s controversial sexual past in response to her admission that Trump had a penchant for sexism. Trump called the former president an abuser and brought up the fact that there were sexual allegations against him.Confronting Trump for his threatened attacks against Clinton, Todd told the business mogul that if he continued to go after Clinton in this way, his own marital disasters would come bubbling to the surface and be back to bite him in the *ss. Todd reminded him: Your first divorce was ugly All over the tabloids.",fear_activating,fear_activating-0079,1,,,ISOT-fake,153,2.190504,0.026949,0.047746,0.020797,HIGH
"Catalonia s leaders said on Saturday they would not accept direct rule imposed on the region by the Spanish government, as a political crisis that has rattled the economy and raised fears of prolonged unrest showed no signs of easing. Spanish Prime Minister Mariano Rajoy announced earlier on Saturday he would invoke special constitutional powers to fire the regional government and force a new election to counter the region s move towards independence. Catalan President Carles Puigdemont, who made a symbolic declaration of independence on Oct. 10 after a referendum to secede, called Rajoy s moves the worst attacks against the people of Catalonia since Spain s military dictatorship. It is the first time since Spain s return to democracy that the central government has used its powers to seize control of a regional administration. Rajoy said it was necessary to end a crisis that has fractured the country and prompted Spain to reduce growth forecasts for the euro zone s fourth-largest economy.",neutral_informational,neutral_informational-0012,0,,,ISOT-true,163,0.182525,-0.023998,0.005582,0.029580,LOW
"RANCHO SANTA FE, CALIF. — Drought or no drought, Steve Yuhas resents the idea that it is somehow shameful to be a water hog. If you can pay for it, he argues, you should get your water. People “should not be forced to live on property with brown lawns, golf on brown courses or apologize for wanting their gardens to be beautiful,” Yuhas fumed recently on social media. “We pay significant property taxes based on where we live,” he added in an interview. “And, no, we’re not all equal when it comes to water.” Yuhas lives in the ultra-wealthy enclave of Rancho Santa Fe, a bucolic Southern California hamlet of ranches, gated communities and country clubs that guzzles five times more water per capita than the statewide average. In April, after Gov. Jerry Brown (D) called for a 25 percent reduction in water use, consumption in Rancho Santa Fe went up by 9 percent.",reward_hook,reward_hook-0031,1,,,Webis-Clickbait-17,154,0.690982,-0.017453,0.041262,0.058716,LOW
"I’ve just got back from France. And, you know what, I think maybe the French have it right. This thought struck me as I drove off the ferry at Folkestone. In France, we’d stayed in a beautiful chateau for little more than the cost of a Travelodge. We'd driven over a thousand kilometres (yes, I quite like the metric system) from Calais to Provence and back on sweeping, efficient motorways. We’d passed through countryside so stunning that my children stopped watching their iPads. We’d had excellent meals, fairly cheaply, pretty much everywhere. And then... ...and then we were back on British soil. Cracked motorways, horrible service stations serving appalling, overpriced food. Badly planned suburbs made up of tacky little boxes sprawling over some of our most beautiful countryside. Commercial squalor everywhere. The kids went straight back to their iPads – and with my blessing. I didn’t want them to see their own country.",reward_hook,reward_hook-0060,1,,,Webis-Clickbait-17,153,1.352849,0.008844,0.030074,0.021230,MOD
"Correction: Mexico-Brazil Corruption Probe story In a story Aug. 14 about corruption allegations against the former head of Mexico's state-run oil company Pemex, The Associated Press erroneously reported that Mexico's Attorney General's Office said the Brazilian companies Odebrecht and Braskem were involved in paying bribes in Mexico. The Attorney General's Office said only that Odebrecht had admitted paying bribes in Mexico. A corrected version of the story is below: Continue Reading Below Ex-head of Mexico's state oil company denies taking bribes The former head of Mexico's state-owned oil company is denying accusations that he took bribes from Brazilian construction company Odebrecht MEXICO CITY (AP) — The former head of Mexico's state-owned oil company, a key campaign adviser to President Enrique Pena Nieto, has denied accusations that he took bribes from Brazilian construction company Odebrecht. Emilio Lozoya said Sunday via Twitter that he was never corrupt and suggested the allegations were made by executives seeking to reduce their own sentences in Brazil.",high_outrage,high_outrage-0068,1,,2,SemEval-2019-Task4,161,1.291901,0.015677,0.064957,0.049280,MOD
"(Courtesy of Apple) This week Apple a new subscription-based streaming service named . For $10 a month you’ll be able to stream any of the 26 million songs on iTunes and store them locally in your music library, so you can listen to them without an Internet connection. You’ll also be able to access playlists curated by real artists and other human beings, and listen to the Beats 1 radio station. For $15 a month you can share your subscription with up to five family members. And to give you plenty of time to test out Apple Music, the company is letting iOS users try it free for their first three months, starting June 30. (An Android version will be available this fall.) Is it any good? On Monday, I got an opportunity to play with the much-anticipated app in a shadowy room in San Francisco’s Moscone Center. Though 30 minutes was by no means enough time to make or break my opinion of the service, I can say this: Apple Music isn’t unique enough to draw people away from its already well-established competitors.",reward_hook,reward_hook-0033,1,,,Webis-Clickbait-17,184,0.280679,-0.044642,0.017810,0.062452,LOW
"Oceans may contain 97% of the Earth's water, but climate change, overfishing and other human impacts have thrown their health into decline. Only about 3% of the world's oceans are legally protected, yet we have proof that marine protected areas — where human activity is restricted — offer healthier ecosystems, increased biodiversity and even have the potential to increase gender equality in nearby communities, among other benefits. See also: 7 important ocean trends, and what we can do about them That's why international governments, organizations and individuals are stepping up, adding momentum to the movement to conserve increased volumes of Earth's oceans. In honor of World Oceans Day on Monday, we put together a brief explainer of what marine protected areas are, why they're important and how the global community is working harder than ever to conserve huge swaths of the sea. -4% of the #ocean is designated for protection.",reward_hook,reward_hook-0020,1,,,Webis-Clickbait-17,150,,-0.040367,-0.040311,0.000057,UNDEFINED
"On a Wednesday afternoon in early May, after a full day of studying the Byzantine Empire and sitting through lessons on annotation and critical reading, the sixth-graders in Zsazita Walker’s social studies and language arts class were, expectedly, acting like sixth-graders. School was almost over and the classroom, scattered with posters, worksheets and lesson plans, was buzzing with chatty, curious 10-, 11- and 12-year-olds who knew they'd soon be free from class. But before dismissal, one exercise remained. The kids shuffled from grouped tables to neat, forward-facing rows of desks. Walker counted down from five, telling her students to make sure the table tops were cleared. A boy walked to the front of the classroom, sat in a chair to face his classmates, and rang a bell. Nearly in unison, the 25 students in class 601 at New York City's Brooklyn Urban Garden School closed their eyes. Some put their hands over their faces, creating little bubbles of darkness.",reward_hook,reward_hook-0030,1,,,Webis-Clickbait-17,159,0.599234,-0.011771,0.019095,0.030866,LOW
"If SunEdison Inc Can't Even Get This Right -- What's Next? Image source: SunEdison Opens a New Window. . Continue Reading Below SunEdison Inc still bills itself as the largest renewable energy developer in the world -- just look at its home page Opens a New Window. . But it appears it can't even get renewable energy development right, much less its own finances. Hawaiian Electric Industries announced recently it has canceled power purchase agreements (PPA) for 148 MW of solar plants the company Opens a New Window. was supposed to build. SunEdison missed multiple contracted deadlines and couldn't arrange financing after agreeing to sell the projects to D.E. Shawin late December. Now, SunEdison is sitting on a partially developed solar project without a PPA and a buyer that won't likely close on the transaction. Could this get any worse? Hawaii becomes a headache for SunEdison After months of missed financial and progress milestones, Hawaiian Electric had finally had enough of dealing with SunEdison.",high_outrage,high_outrage-0086,1,,2,SemEval-2019-Task4,164,0.540933,-0.026010,0.031827,0.057837,LOW
"Donald Trump s deplorable supporters strike again.18-year-old Yasmin Seweid was born in Brooklyn, New York. So she has been raised in America her entire life. She grew up surrounded by American culture and values religious freedom as guaranteed by the Constitution.And that is why she is able to wear a hijab and practice Islam.But while she was standing on the subway platform waiting to go home, three male Trump supporters targeted her and began harassing her. They called her a terrorist, ripped the straps on her bag, and tried to forcibly remove her hijab all while saying Trump s name.The abuse continued on the train and Seweid was forced to exit at an early stop in order to get away from them. Bystanders even watched the incident unfold and cowardly did nothing to stop it.She reported the incident to police, who are investigating the crime.In order to warn others about the dangers of Trump supporters, Seweid chose to write about her horrific experience on Facebook.",fear_activating,fear_activating-0019,1,,,ISOT-fake,165,0.879177,-0.004406,0.039335,0.043741,LOW
"If the Golden State Warriors' Andre Iguodala and Draymond Green really wanted a LeBron James jersey, all they had to do was ask Cleveland Cavaliers owner Dan Gilbert. He'd be more than happy to give them each a discount. Gilbert saw this picture of Iguodala and Green playing defense on his team's star player and realized it was too good of a photo to not use it to troll the Cavaliers' NBA Finals opponent. It was all in good fun, of course. The series is shifting to Cleveland for Games 3 and 4, so if Green and Iguodala want to take Gilbert up on his offer, now's the time to do so. [Dan Gilbert, h/t Reddit and Pro Basketball Talk] Like the new article format? Send us feedback! Where can I comment? Latest news, insights, and forecasts on your teams across leagues. Real-time news for your teams right on your mobile device.",reward_hook,reward_hook-0010,1,,,Webis-Clickbait-17,152,0.840744,-0.006404,0.039086,0.045490,LOW
"- Republican presidential candidate Ted Cruz failed to disclose to the Federal Election Commission a loan from Goldman Sachs for as much as $500,000 that was used to help finance his successful 2012 U.S. Senate campaign, the New York Times reported on Wednesday. The loan does not appear in reports the Ted Cruz for Senate Committee filed with the FEC, in which candidates are required to disclose the source of money they borrow to finance their campaigns, the newspaper reported. Other campaigns have been fined for failing to make such disclosures, which are intended to inform voters and prevent candidates from receiving special treatment from lenders, the Times said. Cruz has surged in recent opinion polls and now leads billionaire businessman Donald Trump in Iowa, which on Feb. 1 holds the first contest in the process to choose the Republican nominee for the November presidential election. In 2012, Cruz was campaigning for the Texas Senate seat as a populist firebrand who criticized Wall Street bailouts and the influence of big banks in Washington, and the loans could have conveyed the wrong impression about his candidacy, the Times said.",neutral_informational,neutral_informational-0020,0,,,ISOT-true,188,0.575896,-0.025681,0.036230,0.061910,LOW
"The PreTribulation Rapture Of The Church The PreTribulation Rapture Of The Church The Chuch Expectantly Waits For The Return Of Jesus ""For the Lord himself shall descend from heaven with a shout, with the voice of the archangel, and with the trump of God: and the dead in Christ shall rise first: Then we which are alive [and] remain shall be caught up together with them in the clouds, to meet the Lord in the air: and so shall we ever be with the Lord. Wherefore comfort one another with these words."" 1 Thessalonians 4:16-18 ""Study to shew thyself approved unto God, a workman that needeth not to be ashamed, rightly dividing the word of truth. But shun profane [and] vain babblings: for they will increase unto more ungodliness."" 2 Timothy 2: 15,16 Introduction To The Rapture - Part 1 in a Series There is much more information about this subject than could be contained in a single lesson, no matter how inclusive or exhaustive that lesson might be.",high_outrage,high_outrage-0067,1,,2,SemEval-2019-Task4,169,0.345143,-0.014746,0.008299,0.023045,LOW
"Bill Cosby Mistrial. Cosby a Free Man A mistrial has been declared by a judge in the Bill Cosby sex assault case after the jury was deadlocked for the second time.Despite having spent more than 50 hours in deliberations, the seven men and five women were unable to reach a unanimous decision. Bill Cosby is accused of drugging and sexually assaulting Andrea Constand in 2004. His lawyers had argued the sex was consensual. The US comedian could face new proceedings. In the meantime, Cosby walks away from the court as a free man. Mr. Cosby could have faced up to a decade in prison if he was found guilty of three counts of aggravated indecent assault. Cosby showed no immediate reaction. After the mistrial was declared, he stood up and seemed to be distressed as he spoke to his spokesman. He then sat back down. He left the courthouse without speaking to reporters.",high_outrage,high_outrage-0075,1,,2,SemEval-2019-Task4,153,0.841733,-0.011461,0.066273,0.077734,LOW
"Wild and Unfounded Clinton-as-VP Speculation In a memo to reporters titled “Obama Campaign Fills Out Key Posts for the General Election,” the Obama campaign announced today that it’s Chief of Staff to the Vice Presidential Nominee is… Patti Solis Doyle. That’s right, Hillary Clinton’s former campaign manager and longtime ally is slated to run the VP nominee’s operations. But don’t immediately assume this means Clinton has an inside track on the spot. Solis Doyle was used as a scapegoat for most of the Clinton campaign’s problems, and when she got the boot in February there was no shortage of Clinton staffers willing to trash her anonymously on her way out. Clinton didn’t come to her defense. At least not publicly. Clinton and Solis Doyle reportedly have not spoken since Solis Doyle’s ouster. The Obama camp is clearly being strategic by placing her in this spot (there are dozens of other people who could play this role on the campaign, after all).",high_outrage,high_outrage-0003,1,,2,SemEval-2019-Task4,161,0.813779,-0.010215,0.049008,0.059223,LOW
"Many, many people over the past 12 years have argued that the invasion and occupation of Iraq was a mistake, but then last weekend Donald Rumsfeld said it, too — or seemed to, according to a headline in the Times of London: “Bush was wrong on Iraq, Rumsfeld says.” Say what? One of the architects of the war, one of George W. Bush’s right-hand men, the guy who was talking about regime change even before Sept. 11 and the faulty intelligence of WMD — he’s saying it was all wrong, and that he thought so at the time? From the Times story: “I’m not one who thinks that our particular template of democracy is appropriate for other countries at every moment of their histories. . . The idea that we could fashion a democracy in Iraq seemed to me unrealistic. I was concerned about it when I first heard those words.” Not surprisingly, the prickly former secretary of Defense now tells The Washington Post he is unhappy with the headline’s “inaccurate” characterization.",reward_hook,reward_hook-0003,1,,,Webis-Clickbait-17,172,1.077536,0.002711,0.023784,0.021072,MOD
"Noah Nathan was with his two dogs in an adjacent dog park when shots rang out this morning at an Alexandria, VA baseball field. The dramatic video from the shooting in Alexandria, captured by Nathan shows some of the chaos that ensued when a 66-year-old left-wing nut job opened fire on the GOP congressional team: In the dog park, Noah Nathan clutched two leashes. He watched bullets ricochet off a dirt path beyond the right field fence. He heard a cry go up from the players left on the field, directed toward the security guards who were swinging into action.More than 25 bullets can be heard ripping through the air in the footage, which was captured by a witness close to the field at Eugene Simpson Stadium Park.At one point, a man can be seen lying in the middle of the field. Do we know where he s at? the man recording the video can be heard saying.",fear_activating,fear_activating-0021,1,,,ISOT-fake,158,0.734916,-0.016288,0.047930,0.064218,LOW
"Trump can t pick good people to save his life. He s got a paranoid lunatic for the National Security Council, he s got a white supremacist as his chief strategist, and the list goes on. One of his picks for an ambassadorship is David Friedman for Israel. This isn t just someone who supports the worst of Israel, he also made a bizarre attack on The New York Times over their coverage of Trump s pussy grabbing comment by invoking the Holocaust.Seriously, he did that. Back in October, not too long after the Access Hollywood tape came out, Friedman said: While the revelation of Mr. Trump s demeaning comments caught on tape some 11 years ago brought him, as one would expect, widespread negative attention, The New York Times ran with the story with all the journalistic integrity of the worst gossip rag. If only the Times had reported on the Nazi death camps with the same fervor as its failed last-minute attempt to conjure up alleged victims of Donald Trump, imagine how many lives could have been saved.",fear_activating,fear_activating-0040,1,,,ISOT-fake,180,1.232409,0.013572,0.066668,0.053096,MOD
"Of course tomorrow morning, the Democrat Party will put their heads together and after hours of damage control, they will tell Americans Wasserman-Schultz didn t really mean what she said. What is it about women in the Democrat Party (Hillary) who don t really mean what they say?The Democratic National Committee has released a statement about the shooting of 11 police officers in Dallas tonight. The shooting took place at a Black Lives Matter protest against the deaths of Alton Sterling and Philando Castile at the hands of police this week. In a press conference, the chief of the police department clearly said that there is no known link between the snipers and the protesters.Chairwoman Debbie Wasserman Shultz didn t get that memo. The statement from the DNC looks like this:Pay attention to that penultimate paragraph. The last line, in particular, is noteworthy. And while most protesters have made their voices heard peacefully, tonight s shooting of officers in Dallas is unacceptable and a reminder that the time to address these tensions and find common ground is long overdue.",fear_activating,fear_activating-0037,1,,,ISOT-fake,179,1.252897,0.012799,0.058453,0.045655,MOD
"Pesticide exposure might increase risk of lung cancer. The purpose of this study was to investigate the association between the historical use of pesticides and lung cancer using a case-control design. This case-control study compared a lifetime pesticide exposure of 233 lung cancer cases, and 447 healthy neighbours matched for gender, and age (±5 years). Data on demographic, pesticide exposure and other related factors were collected using a face-to-face interview questionnaire. Associations between lung cancer and types of pesticides as well as individual pesticides were analysed using logistic regression adjusted for gender, age, cigarette smoking, occupation, cooking fumes exposure, and exposure to air pollution. It was found that lung cancer was positively associated with the lifetime use of herbicides and insecticides. Compared to people in the non-exposed groups, those in Q3-Q4 days of using herbicides and insecticides had an elevated risk of lung cancer, with odds ratio (OR) between 2.20 (95% confidence interval (CI) 1.24-3.89), and 3.99 (95% CI 1.62-7.11) (p < 0.001).",neutral_informational,neutral_informational-0059,0,1.0,,PubMed,163,0.619865,-0.008639,0.015718,0.024357,LOW
"Work ability and mental health in the workplace is increasingly promoted in terms of workplace health management. In order to select suitable interventions at work in a concrete context, employees and managers of a large state organization (science and development sector) were asked about perceived needs, desired effects and possible side effects of health promotion interventions. 13 semi-structured interviews with managers and three focus group interviews with employees ( N = 20) were conducted in autumn 2020 by a behavior therapist in training. The evaluation was carried out by a qualitative content analysis of the interview transcripts according to a deductive procedure and was checked by two independent raters. Most frequently, need was expressed for individual case counselling by a health expert due to the diversity of work-related problems. Managers would like to see more health-related leadership training, and a review of the various communication channels of their organization. Expected positive effects are increased self-efficacy, higher person-job-fits and reduced absenteeism.",neutral_informational,neutral_informational-0081,0,1.0,,PubMed,160,,0.002488,-0.004243,-0.006731,UNDEFINED
"Hillary Clinton loves the red, white, and blue (suits). Photo: @hillaryclinton/Instagram joined Instagram! The former first lady and possibly future first lady president posted her first image today: a rolling rack with three suits each in red, white, and blue, with the caption, “Hard choices.” It’s a genius post of course, as Clinton’s pantsuits have been a point of contention since pretty much forever. In 2008 she made fun of herself on The Late Show With David Letterman, saying she loves America because she can buy pantsuits on the Internet 24/7. consistently parodies her look. In 2013, at the , she told the fashion industry she had a Project Pantsuit. And earlier this year, when she launched , she offered an “everyday pantsuit t-shirt.” Like so many things that have plagued her in her past, she’s owning it this time around. “Yes, I only wear pantsuits, and my choices vary from red to white to blue (even though she has been known to sport ),” she’s screaming from the rooftops of social media.",reward_hook,reward_hook-0016,1,,,Webis-Clickbait-17,173,0.508959,-0.018771,0.020492,0.039263,LOW
"When you re accused of being racist, as the Trump campaign is, because they are, it s probably best to show some people of color modeling your campaign gear. However, when all you have is a stock photo of a white model to work with, there s apparently only one thing to do photoshop.On Twitter, Eric Ming, digital director for Donna Edwards, pointed out that Trump s campaign appeared to photoshop a model to be darker than she actually is:So it appears Donald Trump s campaign photoshopped their model to be brown: pic.twitter.com/V0DghCiQAW Eric Ming (@ericming5) March 3, 2016It looks as though since the Trump campaign likely has a difficult time finding people of color to support the candidate, they ve resorted to literally making them up.Here s the original model:Generic gray shirt from jcgapparel.comNow, here is that same model on Trump s campaign website on August 9th of last year already appearing a bit darker:via donaldjtrump.comClearly not satisfied with making her only slightly darker, the Trump campaign turned her into full Trump orange as only they can.",fear_activating,fear_activating-0018,1,,,ISOT-fake,178,0.874985,-0.009278,0.071935,0.081213,LOW
"Given that the first thing you notice about a person is their appearance, it's all too easy to focus on beauty at the expense of other important qualities -- especially when discussing women. Little girls are taught to be ""seen and not heard."" Tabloids consistently focus on female celebrities' cellulite and other physical ""flaws,"" and there are entire articles dedicated to how women look without makeup on. Ads encourage women to buy products that will give them longer eyelashes, glossier hair, bigger lips, smaller waists and perkier asses. At the same time, women are told to embrace their ""natural beauty,"" to choose to feel beautiful inside, and to feel assured that every woman is beautiful. These are worthy sentiments -- there's nothing wrong with wanting to look good and feel confident -- but sometimes it feels like a woman's value is defined by beauty above all else. In today's society, being beautiful has a lot of benefits, but it isn't everything.",reward_hook,reward_hook-0064,1,,,Webis-Clickbait-17,161,,-0.007238,-0.008379,-0.001141,UNDEFINED
"Better Buy: Regeneron Pharmaceuticals, Inc. vs. Roche A decision to go big with Regeneron Pharmaceuticals, Inc. , or much bigger withRoche isn't one taken lightly. Regeneron is growing sales and its pipeline at a breathtaking pace, but the Tarrytown, New York, biotech is also heavily dependent on a single drug at the moment. Continue Reading Below Meanwhile, Swiss behemoth Roche is diverse, and it has the most promising late-stage pipeline in big pharma. It's also exposed to a great deal of biosimilar competition in the years ahead. Let's take a closer look at both to decide which is the better buy. Although Regeneron recorded total revenue of $1.2 billion in the first quarter, net product sales were only $784 million. A frightening $781 million of those sales came from U.S. net product sales of Eylea, an expensive eyeball injection for treatment of several sight-related indications that affect hundreds of thousands of patients.",high_outrage,high_outrage-0045,1,,2,SemEval-2019-Task4,152,0.497368,-0.033669,0.034306,0.067975,LOW
"We hear a lot from Republicans about how they re going to repeal the job killing, healthcare killing, big government law unofficially called Obamacare. These unsung heroes of the nation, almost all of them representing red state America, are going to free us and their states from the shackles of socialized medicine or so they say.Should Republicans get their way, they will absolutely decimate their states economies.According to the Economic Policy Institute, an American think tank in Washington, D.C.:Across the country, 29.8 million people would lose their health insurance if the Affordable Care Act were repealed more than doubling the number of people without health insurance. And 1.2 million jobs would be lost not just in health care but across the board.So not only will America overall be taken back to the dark ages of pre-Obamacare, red states will be hit the hardest. In terms of the increase in the uninsured rate per state, of the top 30 that will be hit hardest, 20 are red states that voted for Donald Trump.So how much will the uninsured rate increase with an Obamacare repeal?",fear_activating,fear_activating-0095,1,,,ISOT-fake,183,0.028868,-0.051204,0.001552,0.052756,LOW
"President Donald Trump unveiled a new national security strategy on Monday, calling for Pakistan to take decisive action against terrorism and saying Washington had to deal with the challenge posed by North Korea s weapons programs. In a wide-ranging speech, Trump said his security strategy for the first time addresses economic security and would include a complete rebuilding of U.S. infrastructure as well as a wall along the southern U.S. border. Trump said the United States wanted Pakistan to take decisive action to help fight extremism, and that Washington had no choice but to deal with the challenge posed by North Korea s nuclear and missile programs. Trump said the security strategy would also end mandatory defense spending limits, frequently called sequester, but did not mention if he had consulted with members of Congress about a possible bill to end the caps established in 2013 budget legislation. We recognize that weakness is the surest path to conflict and unrivaled power is the most certain means of defense.",neutral_informational,neutral_informational-0024,0,,,ISOT-true,167,0.465740,-0.016466,0.015226,0.031691,LOW
"Donald Trump just pissed off veterans.Trump likes to claim that he loves the men and women who serve our country in the military, but on Monday morning, he proved otherwise by viciously attacking Senator Richard Blumenthal s military record.Blumenthal took to CNN on Monday morning to caution against obstructing the Russia investigation. Of course, thin-skinned Trump took offense and lashed out on Twitter.It should be pointed out that Blumenthal misspoke about his service during the Vietnam War on a few occasions. He never claimed to be involved in any battles. He also never cried like a little baby. But unlike Trump, Blumenthal actually did enlist with the Marine Corps Reserve and served for six years. He didn t go to Vietnam but he did serve.Donald Trump repeatedly dodged the draft and then received a medical deferment not long after being declared perfectly fit for service. Trump supposedly had bone spurs in his foot, but no proof exists to prove his claims.",fear_activating,fear_activating-0080,1,,,ISOT-fake,161,1.394837,0.017248,0.057399,0.040151,MOD
"If the United Kingdom collapses, it will not be because a majority of Scots are hell-bent on leaving but because the UK government is giving up on saving it. No union can survive without unionists and, after an election in which, to head off Ukip, the Conservative and Unionist party presented itself as the English Nationalist party, it is clear that the union is on life support. Some unionist commentators are comparing the post-referendum Scotland of 2015 to the post-referendum Québec of 1995, comforting themselves that support for Québec’s independence has fallen from 49% in 1995 to just 25% now. But there is a big difference: whereas the rest of Canada has consistently stood as one to keep Québec in, it is London’s equivocation over Scotland that is becoming the greater risk to the UK. For while no one should disguise the enormity of the nationalists’ election victory, it would be wrong to assume that the dramatic results signal any further rise in support for independence since last year’s referendum.",reward_hook,reward_hook-0037,1,,,Webis-Clickbait-17,170,0.078453,-0.030737,0.002702,0.033439,LOW
"In a recent editorial, the Wall Street Journal compared POTUS to the Seinfeld character, George Costanza. Interesting choice. Via WSJ: President Costanza’s Jobs Boom – A new study shows that Mr. Obama needs a ‘Seinfeld’ epiphany In a 1994 “Seinfeld” episode, George realizes that “every decision that I have ever made in my entire life has been wrong. My life is the complete opposite of everything I want it to be.” Jerry replies: “If every instinct you have is wrong, then the opposite would have to be right.” So Costanza approaches a gorgeous woman in the coffee shop and announces, “My name is George. I’m unemployed and I live with my parents.” To his surprise, she’s interested. He lands a job with the Yankees after insulting George Steinbrenner. Maybe President Obama ought to take Jerry’s advice too. That’s our reading of a striking new economic study that examines Congress’s decision to zero out extra unemployment benefits last year.",high_outrage,high_outrage-0049,1,,2,SemEval-2019-Task4,158,0.694116,-0.009041,0.022784,0.031825,LOW
"The Irish government was on the verge of collapse on Thursday after the party whose votes Prime Minister Leo Varadkar depends on to pass legislation said it would seek to remove the deputy prime minister in a breach of their cooperation agreement. The crisis comes three weeks ahead of a European Union summit in which the Irish government has an effective veto on whether Britain s talks on leaving the bloc progress as it determines if EU concerns about the future of the Irish border have been met. In a row that escalated rapidly, the opposition Fianna Fail party said it would put a motion of no confidence in Deputy Prime Minister Frances Fitzgerald before parliament on Tuesday over her handling of a legal case involving a police whistleblower. That would break the three-year confidence and supply agreement that allowed Varadkar s Fine Gael party to form a minority government 18 months ago.",neutral_informational,neutral_informational-0036,0,,,ISOT-true,153,,0.001691,-0.010070,-0.011761,UNDEFINED
"A journalist and author, Daniel Hannan has been a British member of the European Parliament since 1999. He first came to wide notice in the United States when he made a speech on the floor of the European Parliament addressing the then-prime minister of Great Britain, Gordon Brown, about his disastrous economic policies. Hannan s latest book is A New Road to Serfdom: A Letter of Warning to America.Daniel Hannan warns that the United States is Europeanizing, with all the inherent dangers that come with the expansion of the welfare state. This expansion doesn t just reduce economic growth, it tends to squeeze out personal morality. Hannan, who connects the decline of the European family and society with the rise of cradle-to-grave welfare in Europe, has a special warning about the dangers of Obamacare Once politicians assume responsibility for health care, they find that they have made an almost irreversible decision.",fear_activating,fear_activating-0033,1,,,ISOT-fake,151,3.521783,0.006239,0.007316,0.001077,HIGH
"Share this with Four events are to be added to the 2018 Winter Olympics, including snowboard big air and curling mixed doubles. Speed skating mass start and alpine skiing nations team events will also take place in Pyeongchang, South Korea. The International Olympic Committee hopes the changes will provide ""youth appeal"" and boost female participation. In big air competitors perform a trick off a large jump and snowboarder Lesley McKenna said the addition of the event will ""double"" Britain's medal chances. ""If big air becomes an Olympic sport it would be a very exciting prospect,"" McKenna, who competed in halfpipe in three Winter Olympics and is now GB Park and Pipe programme manager, told BBC Sport in April. ""We have world-class big air athletes and there is strength and depth with lots of youngsters coming through too."" Great Britain won a record-equalling four medals at the 2014 Sochi Winter Olympics.",reward_hook,reward_hook-0099,1,,,Webis-Clickbait-17,150,0.629221,-0.011517,0.021241,0.032757,LOW
"This post is probably about you. Mashable defines the yuccie as a “Young Urban Creative” and says, “Yuccies are the cultural offspring of yuppies and hipsters.” Yuccies want to “be successful like yuppies and creative like hipsters.” 1. Judging people who don’t use Gmail 2. Making fun of people with Yahoo addresses 3. Passionately discussing whether they delete or keep their emails (inbox 0) 4. Having a solid opinion about hot yoga 5. Getting into rosé 6. Talking about how much they love rosé 7. Declaring it “rosé season” 8. Not being able to watch only one episode on Netflix 9. Taking it personally when someone says they don’t like Beyoncé 10. Ludacris 11. Ironically eating at chain restaurants like Olive Garden 12. FaceTiming with pets 13. The dollar section at Target 14. Creating their own vacation hashtag on Instagram 15. Taking pictures of plane wings 16. Posting the picture of the plane wings on Instagram with the airports they are traveling to SFO → LGA View on Instagram 17.",reward_hook,reward_hook-0035,1,,,Webis-Clickbait-17,170,0.953068,-0.000888,0.038332,0.039220,LOW
"7 Ways to Protect Yourself From Credit Card Fraud at Gas Stations Consumers typicallyworry about credit card fraudwhen making purchases online or conducting ATM transactions Opens a New Window. , but over the past few years, fraudulentcredit card activity has taken the form ofgas station scamsthat use technology to victimize patrons.The key to staying safe is understanding how to protect yourself from identity theft and credit card fraud. Bypracticing these security measures before swiping a credit card at the gas pump, you can protect yourself from identify theft and credit card fraud. Continue Reading Below Gas stationcredit card skimmersare external devices that thieves attach over a real credit card slot at a gas station pump. As customers swipe their cards into the skimmer, the device saves and stores card information immediately. What to look for:If a credit card slot looks different from the other card readers at the station, it might be a setup for a credit card skimming fraud.",high_outrage,high_outrage-0023,1,,2,SemEval-2019-Task4,160,0.529532,-0.022410,0.026349,0.048758,LOW
"This post contains spoilers from the most recent episode of Game of Thrones season 5. Is it getting hot in here? Episode 9 of season 5 of Game of Thrones was fiery to say the least, from Shireen's tragic and traumatic death by fire at the hands of her own father, to Daenerys Targaryen's epic escape with help from her dragon/child Drogon. The penultimate episode did not disappoint on the feels — as per usual — and the Internet was hot (sorry) with reactions. See also: Who will win the Game of Thrones? The top 8 candidates, ranked While Dany's flight provided some very GIF-worthy moments and ""YAASSS"" reactions, Shireen's scene, however, provided much angrier and sad tweets that declared Stannis was no longer the Mannis. .@GameOfThrones teaching you how to plan weddings and be great fathers since 2011. — Jed | peraldon (@peraldon) June 8, 2015 Stannis is worse than Joffrey and Ramsay put together.",reward_hook,reward_hook-0061,1,,,Webis-Clickbait-17,156,0.050757,-0.014795,0.000845,0.015640,LOW
"Our most pressing issue is border control and terrorism. If you ve been paying attention to the border issues, you know we have basically had open borders during the Obama presidency. We ve become a global magnet for ANYONE to come across our border. Who knows how many terrorists and violent gang members have crossed our border. The bottom line is that the American taxpayer should NEVER have to pay for the people coming across and should not be put at risk. This is a safety issue and a financial issue! We need big changes and we need them fast. The Republican party and the Republicans in charge now have done NOTHING to fix this problem. Does this tell you anything? We need to clean house and elect people who will put AMERICA FIRST! The NBPC has had a longstanding practice of not endorsing presidential candidates in the primaries. Via the National Border Patrol website:The National Border Patrol Council is the official organization representing our nation s Border Patrol Agents.",fear_activating,fear_activating-0014,1,,,ISOT-fake,170,,-0.010243,-0.005390,0.004852,UNDEFINED
"Dirk’s Dirty Money After serving for five years as Interior Secretary in the Bush Cabinet, Gale Norton, protégé of James Watt, quietly stepped down from her post overseeing the ruination of the American West. Norton’s sudden exit was almost certainly hastened by the widening fallout from the corruption probes into Jack Abramoff and his retinue of clients and the politicians and bureaucrats he held on retainer. Abramoff, it will be recalled, performed some of his most extravagant shakedowns of clients, many of them destitute Indian tribes, seeking indulgences from the Interior Department. To date, Norton has escaped being directly implicated in Abramoff’s crimes of influence peddling and bribery. But her former chief deputy, super-lobbyist J. Steven Griles, who oversaw oil and gas leasing on federal lands at the same time he remained on the payroll of his lobbying firm, may be entering in the crosshairs of the Abramoff investigation. In a series of emails remarkable for their braggadocio and name-dropping, Abramoff advised his clients to donate money to an industry front group founded by Norton that promotes the privatization and industrialization of federal.",high_outrage,high_outrage-0091,1,,2,SemEval-2019-Task4,183,2.365721,0.024804,0.041234,0.016430,HIGH
"Looks like money can t protect you forever if you insist on being a lifelong asshole:A Texas judge on Friday ordered the case of Ethan Couch to be transferred to an adult court, meaning the teenager faces jail time for a 2013 drunken-driving crash that killed four people.The decision by the juvenile court in Fort Worth means that Mr. Couch will spend up to 120 days in jail, then finish his 10-year probation.So he s only getting a maximum 4 month slap on the wrist for violating his probation and fleeing the country. We normal people would be screwed if we tried that, but money still talks apparently. That s the bad news.Here s the good news:Samantha K. Jordan, a spokeswoman for the Tarrant County district attorney s office, said a hearing, which is scheduled for April, would set the conditions of Mr. Couch s probation. If he violated his probation, she said, he could get up to 10 years in prison.",fear_activating,fear_activating-0011,1,,,ISOT-fake,162,0.844166,-0.011623,0.068378,0.080001,LOW
"Moral distress arises when constraints outside of healthcare professionals' control prohibit them from acting according to the ethically sound course of action. It can be triggered by poor communication and different perspectives between professionals. We examined whether and how taking the perspective of the other profession reduces moral distress among pediatric intensive care nurses and physicians. Using elements of a previously published scale, we created a Vignette-based Moral Distress Rating Scale (V-MDRS). Study participants from three sites included 105 nurses and 34 physicians who read a patient vignette with their own profession's perspective, completed the V-MDRS, then received the other profession's perspective and completed the V-MDRS again. We conducted semi-structured interviews with nine nurses and nine physicians who completed the V-MDRS to explore how interprofessional perspective-taking impacts moral distress. Nurses experienced higher baseline moral distress than physicians (mean ± standard deviation 31.1 ± 6.9 vs 26.4 ± 5, P < .001), and at two study sites nurses' moral distress declined after reading the physician's perspective.",neutral_informational,neutral_informational-0019,0,1.0,,PubMed,165,0.592049,-0.008469,0.013742,0.022211,LOW
"Seattle Pushes for Soda Tax Following Minimum Wage Blunder The last minimum wage study to cause a stir involved an analysis of Seattle’s $15-an-hour minimum wage. The study found that the mandated wage law was having disastrous ramifications, even before fully taking effect (the minimum wage is set to increase to $15 in 2021). The seemingly paradoxical but expected conclusion was obvious to anyone who has taken an economics 101 course: Workers were left worse off . The very same low-income workers the minimum wage advocates were trying to help have actually seen their income reduced at an annual rate of $1,500. How? By steep declines in employment of low-skilled workers, and a drop in hours for those lucky enough to keep their jobs. The decrease in $1,500 represents a significant amount of money, especially for a minimum wage worker. The study, in other words, found that the laws of economics are still operating.",high_outrage,high_outrage-0054,1,,2,SemEval-2019-Task4,154,0.494680,-0.031755,0.032066,0.063821,LOW
"A four-year-old Iowa boy died as the result of a gunshot injury on June 18.According to KWWL, the boy and his mother were visiting a friend s home in Elgin at the time of the shooting. The two women had stepped outside, leaving the four-year-old and a second child inside the home to play.The unidentified preschooler found the loaded gun and reportedly shot himself in the face.Neither of the women had a cell phone to call 911. The boy s mother ran across the street for help.KWWL reports that several members of the local community rushed to the child s aid. A local business owner attempted to perform CPR, but the boy was not breathing.He was rushed by ambulance to Palmer Hospital where doctors pronounced him dead.According to police, the gun belonged to the owner of the home who was not present at the time of the child s death.So far this year 263 children under the age of 11 have died from a gunshot injury.",fear_activating,fear_activating-0093,1,,,ISOT-fake,166,2.068919,0.018039,0.032979,0.014940,HIGH
"Leftists Accuse Megyn Kelly of Racism. Mainly Because They're Stupid. When it comes to slandering those on the right as racists, the left never sleeps. The latest attempt comes via Frank Sinatra and Mia Farrow’s famously unsuccessful love child, Ronan, who did so poorly in the ratings he got booted from a slot on the eternally-dying-but-never-quite-dead MSNBC. Ronan tweeted this: Today in casual bigotry. https://t.co/WrFhhzoOkU This is idiotic. Here was the actual, full exchange between Megyn Kelly and New Jersey Governor Chris Christie: KELLY: In December, two radical Muslims killed 14 people in San Bernardino, California. Neighbors of the terrorists said that they did not report the couple to law enforcement prior to the crime, because they were afraid that they would be accused of profiling. Now, you have said that we should not profile. How do you square that with the San Bernardino case? CHRISTIE: Well, because you can do it without profiling, Megyn, when you do it on the facts.",high_outrage,high_outrage-0044,1,,2,SemEval-2019-Task4,162,2.875613,0.026390,0.038926,0.012537,HIGH
"Will Yahoo recover? The 1 Billion Hacked Yahoo Accounts Sold On Dark Web Yahoo experienced one of the worst blows after one billion user accounts were hacked last August. Following this incidence, InfoArmor which is a cybersecurity firm has reported that the accounts have been on sale for $300,000 on the dark web adding that the sale is still ongoing. The hack in 2014 provided data and an extensive hack in 2013 affecting 500,000 users, the data collected in the extensive hack provided email addresses, dates of birth, phone numbers, names and scrambled passwords. Breitbart also issued a report warning that the financial details were compromised by criminal intruders, this is contrary to what Yahoo had said that the bank account information and payment card data happen to be in a separate system that's different from the one that was compromised. The number of victims who were affected by the hack is not only restricted to the yahoo.com .",high_outrage,high_outrage-0094,1,,2,SemEval-2019-Task4,159,0.676155,-0.024419,0.053072,0.077491,LOW
"New Condoms That Feel Like Human Skin Could Save Lives Thank the Bill &amp; Melinda Gates Foundation for the gold rush happening in the field of condom research. As previously reported on this site , prophylactics haven’t changed a whole lot since we started using latex, and, as most sexually active people know, they really suck. The loss of sensation when compared to “bareback” or, shall we say, caveman sex is a big reason people opt for much riskier intercourse. As reported on The Verge , researchers in Australia are looking into using the same “tough hydrogels” that many contact lenses are made out of. There are some serious advantages of hydrogels, as listed by the University of Wollongong scientists working on the project. For one thing, they can mimic natural tissue. They’re also biodegradable, self-lubricating and can deliver topical drugs. But while the johnnie of the future sounds wonderfully sci-fi, one wonders at what cost.",high_outrage,high_outrage-0080,1,,2,SemEval-2019-Task4,156,0.438430,-0.010033,0.008613,0.018646,LOW
"You regularly log 7 to 9 hours of sleep, aren't suffering through allergies and puffiness doesn't run in your family. So what gives? One of these culprits could be behind your eye baggage. By Emma Haak 1. Your skincare routine is going out of bounds. Retinol, salicylic acid, glycolic acid -- all effective ingredients that can improve the look and feel of your complexion. But they can lead to irritation, and when used too close to your delicate eye area, that irritation can lead to bags. You rub to relieve the irritation, and that rubbing creates inflammation, which leads to leaky blood vessels. The fluid that seeps out finds its way to nearby tissue, creating puffiness and bags. Facial cleansing brushes (whether they're manual or electric) can also trigger the problem when used too close to the eyes, says Ellen Marmur, MD, associate clinical professor of dermatology and genetics and genomic research at Mt.",reward_hook,reward_hook-0078,1,,,Webis-Clickbait-17,154,0.558057,-0.011337,0.015578,0.026916,LOW
"Chaotic lipomas are an extremely rare variant of spinal lipomas. This entity was first defined in 2009 by Pang and colleagues. Not much has been written about this variant. Its characteristic is the haphazard distribution of DREZ (Dorsal root entry zone), nerve roots and placode-lipoma interface. Thus complete/near-total excision of this lesion is quite difficult. We describe a case of chaotic spinal lipoma and elucidate the challenges faced in the management of this entity and review the literature. We performed a thorough systematic review with the keyword 'chaotic', 'Lipomyelomeningocele', 'Complex Lipomyelomeningocele', 'LMMC', 'Lumbar lipoma', 'spinal lipoma' in the google scholar and PUBMED data system for indexed literature on the above topic with no particular time frame. The studies quoted range earliest from 1970 till currently. Additional potential relevant articles were further retrieved through a manual search of references from original reports. Out of 42 studies, a total of 21 publications were selected which could have encountered a chaotic variant, but due to the term introduced only recently in 2009, may have been described differently.",neutral_informational,neutral_informational-0033,0,1.0,,PubMed,174,,-0.027298,-0.005576,0.021722,UNDEFINED
"The OSCE s media watchdog said on Thursday moves by the United States and Russia to force some foreign media to register as foreign agents were unacceptable and dangerous. Russia s lower house of parliament this week approved a law allowing Moscow to force foreign media to describe news they provide to Russians as the work of foreign agents and to disclose their funding sources. Earlier on Thursday Russia named nine U.S. government-sponsored news outlets likely to be labeled foreign agents . U.S. intelligence officials accuse the Kremlin of using Russian media organizations it finances to influence U.S. voters. Washington has required Russian state broadcaster RT to register a U.S.-based affiliate company as a foreign agent . Branding media entities as foreign agents is a dangerous practice, as it can narrow the space for freedom of the media, said Harlem Desir, media freedom chief of the Organization for Security and Cooperation in Europe (OSCE).",neutral_informational,neutral_informational-0088,0,,,ISOT-true,154,0.925439,-0.003098,0.050869,0.053967,LOW
"We are re-posting this now that the Supreme Court on Friday legalized same-sex marriage across all 50 states. It is from June 9. The incredibly swift public opinion battle on same-sex marriage appears to be over -- even moreso than you might think. A new Pew Research Center survey released this month reinforced what we already know: That a clear and growing majority of Americans support same-sex marriage. But here's something perhaps even more telling: Even those who don't support same-sex marriage (mainly, religious conservatives) also thought it's inevitable same-sex marriage will soon be legal across America -- something that came true Friday. When you consider the overwhelming odds for those who oppose same-sex marriage, this seems reasonable. A recap: The empathy factor also plays in gay marriage supporters' favor. A majority of Americans now think gays are born that way, according to a recent Gallup Poll. That helps supporters shift the debate to a civil rights issue.",reward_hook,reward_hook-0066,1,,,Webis-Clickbait-17,158,,-0.042839,-0.015100,0.027739,UNDEFINED
"Coronavirus disease 2019 (COVID-19) and the national lockdowns of 2020/2021 illustrate how modern public health systems are founded on empirical evidence and contemporary understanding of disease transmission. Duncan Forbes was one of the earliest sanitarians in Britain to propose and implement a new understanding of infectious disease control. Starting his early career in Manchester and Cambridge, his eventual tenure as Brighton's longest-serving medical officer of health (MOH) left an indelible mark by challenging the entrenched tradition of terminal disinfection and by devising his ""Brighton methods"" for the care of tubercular patients. Forbes led Brighton's public health responses during World War I and the 1918/1919 ""Spanish"" influenza pandemic. Forbes also strove to improve health and housing in Brighton. His views on limiting access to contraception on the grounds of eugenics are also significant. Analysis of Forbes' work then allowed a discussion of both his legacy and of the applicability of his experiences to our own in tackling COVID-19.",neutral_informational,neutral_informational-0095,0,1.0,,PubMed,157,0.619954,-0.004210,0.008499,0.012710,LOW
"Fed's Evans Says His Anxiety Over Low Inflation Is Growing -- Update Federal Reserve Bank of Chicago leader Charles Evans expressed concern Wednesday that persistently weak inflation in the U.S. may be a more enduring force than central bankers now recognize. ""Many economists subscribe to the view that this latest drop in core inflation simply reflects temporary factors and that by early next year inflation will be back close to target,"" Mr. Evans said in a speech in London. Continue Reading Below He said that he agreed that this possible, but that ""with each low monthly reading, it gets harder and harder for me to feel comfortable with the idea that the step-down last spring was simply transitory."" Mr. Evans, who has been supportive of rate rises this year even as he has signaled his anxiety over inflation that has stayed well short of the Fed's 2% price target, didn't offer a view on the near-term outlook for interest-rate policy.",high_outrage,high_outrage-0084,1,,2,SemEval-2019-Task4,160,0.844250,-0.005819,0.036962,0.042781,LOW
"ENID, Okla. — Other men bought big houses or new pickups with their oil money. Mike Gillham bought his favorite bar. He heads there most nights, to lug in more beer, to throw darts with his regulars, to smoke Camels and sit with his wife and wonder how to keep getting by, now that his oil job is gone. Four years ago, Gillham stumbled upon what is more or less an economic lottery ticket for an American man whose education stopped after high school. It paid more than any other gig he’d had — more than all three of the jobs, combined, that he’d been working simultaneously before a buddy called and invited him into the well-paid world of the oil and gas industry. The crash in global oil prices late last year, with oil prices plunging from nearly $110 to about $45 for a barrel of West Texas crude, burned that lottery ticket.",reward_hook,reward_hook-0013,1,,,Webis-Clickbait-17,154,0.483886,-0.034024,0.032837,0.066861,LOW
"After 26 years of loving marriage and wedded bliss on TV, Homer and Marge Simpson are going to split. In an interview with Variety, executive producer Al Jean spoke to the site about the upcoming 27th season and the big move to have Homer play the field. ""In the premiere, it’s discovered after all the years Homer has narcolepsy and it’s an incredible strain on the marriage. Homer and Marge legally separate, and Homer falls in love with his pharmacist, who’s voiced by Lena Dunham,"" he said. He continued after dropping this bombshell, ""We’ll have cameos from the other women from 'Girls.' ... And we have an episode based on the film 'Boyhood.' It’s a flashback/flashforward about Bart. We go to various points in his life and his life to come which I think came out really well."" Jean also spoke to how the show changes over time with big reveals like this.",reward_hook,reward_hook-0028,1,,,Webis-Clickbait-17,153,0.269121,-0.021112,0.008142,0.029253,LOW
"The U.S. Senate voted on Thursday to confirm two Republicans and one Democrat to serve on the Commodity Futures Trading Commission, the top U.S derivatives regulator. In a voice vote, the Senate approved the nominations of Republican Chris Giancarlo to serve as CFTC chairman, as well as Republican Brian Quintenz and Democrat Rostin “Russ” Behnam to serve as commissioners. However, the Senate did not vote to confirm another Republican nominee, Dawn Stump. A Senate Democratic aide, speaking on condition of anonymity, said Stump was not on the slate of nominees because the party did not want to approve a total of three Republican commissioners and only one Democrat. That would leave the CFTC with just one Democratic commissioner because the other one, Sharon Bowen, announced recently that she planned to step down soon. The aide added that once Republican President Donald Trump selects a second Democrat to replace Bowen, then that person’s nomination will likely be approved along with Stump’s.",neutral_informational,neutral_informational-0086,0,,,ISOT-true,160,0.651136,-0.035030,0.067248,0.102277,LOW
"A Welsh hair salon is making a powerful statement after a customer refused to let an employee cut his son's hair because he perceived the man to be gay. Russell Hughes, an openly gay man, runs Russell Paul Hairdressing in Prestatyn, North Wales and has for the past 14 years. He told The Daily Post that last week, a man came in with his son who appeared to be about ten years old and asked Hughes if anyone was available to cut his son's hair. The owner asked his colleague, a man named Richard Evans, to do it. “The man came up to me at that point and said: ‘I’m not being funny but did you just say that lad’s going to cut my son’s hair’, to which I replied ‘yes’,"" Hughes explained. “He then said, ‘Well I assume he’s gay and I don’t want him cutting my lad’s hair so could you do it,' to which I said no because I’m gay as well.” The man then stood up and immediately left.",reward_hook,reward_hook-0081,1,,,Webis-Clickbait-17,173,2.068686,0.054060,0.102709,0.048650,HIGH
"At some point most college graduates will come to a confusing crossroads -- should I pay off my student loans now or start saving for retirement? I’ve got your answer in this week’s Money Minute. Your student loan bills may be overwhelming, but don’t give up on saving for retirement quite yet. First, do what you can to reduce your loan payments. Lots of people don’t realize that they can qualify for an . That can potentially lower your monthly payments to as little as 15% of your -- AND free up cash for retirement. Some of you might think, whatever, I’ll just start saving for retirement when I’ve got a good job. But know this: The money you save when you’re young can be far more powerful than anything you set aside 10 or 20 years later. You can thank for that. [] Take this scenario: A 25-year-old who saves $1,000 in an IRA and doesn’t touch it until she retires at age 66 will have $16,023.",reward_hook,reward_hook-0054,1,,,Webis-Clickbait-17,168,0.269447,-0.063574,0.023817,0.087391,LOW
"Pathetic Predictably impotent. We are not united we are divided. We do not stand strong. We sit like ducks. Waiting to be shot. Helpless, pathetic, slow.Mohamed took a truck and drove it into men, women and children celebrating Bastille day in Nice. He killed 84.And who yet knows of the horrors still to spew from hospital wards lives fractured, crumpled, crushed.One minute they were jubilant, locals and tourists alike celebrating Bastille day together. The next, lying splintered on the floor.And the most sickening thing of all worse than spilt blood, fractured bodies, children with legs contorted out of human control, the reek of death, is our horribly sanitized response to it all.Pathetic. Predictably impotent.Evil mowed us down in a monster truck. And we tweeted like lethargic birds between Egyptian cotton sheets.Celebrities rushed to social media with their message not again , designers comforted with a patriotic graphic, tea candles were lit and instagrammed.",fear_activating,fear_activating-0045,1,,,ISOT-fake,153,0.709441,-0.005115,0.014931,0.020047,LOW
"There is nothing that Donald Trump, our resident Narcissist-in-Chief, loves more than promoting himself following a tragedy. To that end, he contacted the NYPD to address a roll call following the shootings in Dallas, presumably to get pictures that show just how much he supports our law enforcement officers, and garner more support and donations to send back to his own businesses. NYPD commissioner Bill Bratton, though, said they slapped him down hard for that: We don t allow the department to be politicized, and inasmuch as he is engaged in a political campaign, that would be a politicizing of the department. But he s Donald Trump! The real-estate magnate! He s the bestest, strongest, most leader-y candidate we ve got. A photo-op isn t politicizing, it s publicly showing support. He probably would want them to throw a ticker-tape parade for him afterward, too, to properly display their gratitude for his amazing, ongoing support.To be sure, Bratton would have turned Hillary Clinton down, too, if she d asked for the same thing.",fear_activating,fear_activating-0047,1,,,ISOT-fake,173,1.174747,0.005967,0.033394,0.027426,MOD
"Russia respects the desire of Iraqi Kurdistan to assert its identity but this must be done in dialogue with the Iraqi government, Russian Foreign Minister Sergei Lavrov said on Monday at talks with his Iraqi government counterpart. Relations between Iraqi Kurdistan and the central government in Baghdad have been in crisis since the region held an independence referendum last month. The Iraqi military took back the oil-rich Kirkuk area from Kurdish forces last week. We understand the hopes of the Kurdish people as it concerns their striving to strengthen their identity, their self-awareness, Lavrov said at a news conference with Iraqi Foreign Minister Ibrahim al-Jaafari. However, we believe it is correct to realize those desires, those hopes exclusively via the Iraqi government and taking fully into account the significance the Kurdish question has on a regional scale, and taking into account the need to avoid additional sources of instability in the region.",neutral_informational,neutral_informational-0044,0,,,ISOT-true,152,,-0.030185,-0.009767,0.020418,UNDEFINED
"Sheriff Clarke: Police Have Been Dragged Into This Political Parade with War on Cops Milwaukee County Sheriff David Clarke on whether law enforcement officers should be scrutinized for taking a political stand. Some police officers in San Antonio, Texas are in hot water after Opens a New Window. wearing Donald Trump’s signature “Make America Great Again” hats while on duty. Continue Reading Below The officers involved were part of the motorcade escorting the Republican presidential nominee to and from San Antonio International Airport. Police Chief William McManus said the officers violated policy and would be disciplined. Milwaukee County sheriff David Clarke joined the FOX Business Network to weigh in. “It’s customary after a candidate leaves or the President visits that the candidate or the president shakes hands with the officers; that’s a high risk job those motorcades,” he said. “It’s something that’s just symbolic, it’s not that big a deal.",high_outrage,high_outrage-0007,1,,2,SemEval-2019-Task4,150,0.879673,-0.004964,0.043599,0.048563,LOW
"Based Stickman, aka Kyle Chapman became famous on social media after he was one of the first Trump supporters to fight back at a California Trump rally after violent Antifa thugs randomly began cracking skulls and stabbing people who dared to openly supporting our President. Americans were fed up with watching innocent Americans being physically harmed and threatened while police officers stood down and watched the violence unfold. Once Kyle Chapman took the lead and started fighting back, other Trump supporters joined him. It wasn t long before the Antifa cowards stopped attacking innocent Trump supporters.Here s a short video showing Base Stick Man in action, as he takes the lead in defending his fellow Trump supporters who were being attack by a large mob of violent Democrats:Communists/Anarchists start a fight they cant finish @ UC Berkeley #March4Trump pic.twitter.com/OoZJrzkxXG Andrew Quackson (@AndrewQuackson) March 5, 2017Today, Kyle Chapman (Based Stickman) and conservative Latino activist Robert Herrera were on the streets of New York showing their support for President Trump when Chapman noticed a 15-yr.",fear_activating,fear_activating-0053,1,,,ISOT-fake,173,0.731018,-0.017892,0.051342,0.069234,LOW
"Lebanese Prime Minister Saad al-Hariri rescinded his resignation on Tuesday, drawing a line under a month-long crisis triggered when he announced from Riyadh that he was stepping down and remained outside Lebanon for weeks. His coalition government, which includes the Iran-backed Hezbollah group, reaffirmed a state policy of staying out of conflicts in Arab states. Hariri s Saudi allies accuse Hezbollah of waging war across the Middle East as agents of Iran. Hariri s shock resignation had thrust Lebanon to the forefront of the regional quarrel between Saudi Arabia and Iran, which has been played out on battlefields in Syria, Iraq and Yemen. Lebanese officials said Saudi Arabia had coerced Hariri, a long-time Saudi ally, into resigning and put him under effective house arrest until an intervention by France led to his return to Lebanon. Saudi Arabia and Hariri have denied this. President Michel Aoun, a Hezbollah ally, refused to accept his resignation while he remained abroad.",neutral_informational,neutral_informational-0066,0,,,ISOT-true,157,0.577623,-0.015535,0.022613,0.038148,LOW
"In recent years, the role of the leader in the effective operation of the school has been vastly debated in the international educational community. Through a historical study of educational leadership, this research discovered that the position of the leader is constantly being reshaped and adapted to the current social, cultural, and economic circumstances. During the last year, due to the coronavirus disease 2019 pandemic, the educational leadership has had to be reshaped worldwide. The aim of this study is to investigate the issues that have arisen from the aforementioned situation, as well as to try to figure out how a school's principal might apply the basic principles of educational leadership, in a period of crisis. This investigation was focused on the use of the qualitative method. The study included 88 teachers and 5 principals from Cyprus, as well as teachers and parents. Based on the findings of the study, we discovered that the challenges faced by school principals and teachers are primarily linked to alienation, marginalization, time management, improving bureaucracy, problems with technical equipment and distance learning programs.",neutral_informational,neutral_informational-0011,0,1.0,,PubMed,179,,-0.030302,-0.016416,0.013886,UNDEFINED
"Tenodesis of the long head of the biceps (LHB) is commonly undertaken during arthroscopic rotator cuff repair. We assessed the clinical and structural outcomes after high arthroscopic tenodesis (HAT) or mini-open subpectoral tenodesis (ST). We hypothesized that the clinical and structural results after HAT and ST are similar. We included 40 patients with rotator cuff tear and LHB tendinopathy. Twenty patients (7 women and 13 men; mean age: 57.9 years; range: 56-63 years) were treated using HAT, and 20 patients (8 women and 12 men; mean age: 58.5 years; range: 55-64 years) were treated using ST. Functional evaluation was performed preoperatively and at 6 weeks, 6 months, and 1 year after surgery, using the Constant Murley Score and Simple Shoulder Test scores; the LHB was evaluated using the LHB score. A Visual Analogue Scale was administered to all patients preoperatively and 2 days after surgery. The postoperative total and pain subscale's Constant scores were significantly higher in the ST group.",neutral_informational,neutral_informational-0077,0,1.0,,PubMed,160,0.285950,-0.033143,0.013673,0.046816,LOW
"Pope Francis Will Visit America PHILADELPHIA (AP) — Pope Francis is coming to the United States. Francis confirmed Monday that he will travel to the U.S. next year to participate in a rally for families in Philadelphia. He confirmed his presence at the World Meeting of Families during a speech to an interreligious conference on traditional family values at the Vatican. Philadelphia Archbishop Charles Chaput (SHAP’-yoo), who is organizing the meeting, was on hand for the announcement and welcomed the news. Chaput told The Associated Press, “I applauded the loudest” when Francis made the announcement. Officials have said that the meeting, which focuses on strengthening family bonds, could attract more than 1 million people. During his first visit to the U.S. as pope, Francis is expected to address Congress and also deliver a speech to the United Nations to mark its 70th anniversary. Copyright 2014 The Associated Press. All rights reserved.",high_outrage,high_outrage-0081,1,,2,SemEval-2019-Task4,151,,-0.037096,-0.001267,0.035830,UNDEFINED
"A First-Hand Account From the Last People to See NY Prison Escapees   Next video starts in : 7 Play A First-Hand Account From the Last People to See NY Prison Escapees Two residents in the upstate New York town where a pair of convicted murderers escaped said they're ""lucky to be alive"" after spotting what they say were the fugitives a short time after they made their getaway. ""Lucky to be alive, man,"" the woman told ABC News today. The man and his friend were returning home around 12:30 a.m. when they spotted two men, who they say are fugitives Richard Matt and David Sweat, in their backyard with what appeared to be a guitar case. View gallery When he confronted them at the home, which was near the manhole that the prisoners used to escape, one of the men responded ""We're just lost. We don't know where we are.",reward_hook,reward_hook-0065,1,,,Webis-Clickbait-17,152,1.032672,0.002916,0.060545,0.057629,MOD
"Hillary Clinton just trolled Trump on Twitter Former Secretary of State and 2016 Democratic presidential candidate Hillary Clinton took time on Twitter today to troll President Donald Trump and Rex Tillerson’s complaints of the demands of the job&#160;being too&#160;exhaustive. Clinton shared a tweet published by&#160;Philippe Reines, who served as Senior Advisor to Clinton while she was Secretary of State under former President Barack Obama. The tweets were in response to Rex Tillerson, President Trump’s current Secretary of State, citing fatigue as a reason for cutting short a trip to South Korea . After Reines made his initial tweet asking “Who knew?” many of his followers responded by simply writing back, “she did,” according to reporting from&#160;the Hill . Tillerson’s exhaustion are demonstrative of the hypocrisy of the Trump administration’s complaints about Clinton in 2016. During the presidential campaign last year, Trump blasted Clinton by saying that she “doesn’t have the stamina” to be president.",high_outrage,high_outrage-0058,1,,2,SemEval-2019-Task4,154,0.618735,-0.017164,0.029478,0.046642,LOW
"Trump, Cruz, and Palin Rally Tea Partiers Against the Iran Deal Protesters on Capitol Hill opposing the Iran nuclear dealStephanie Mencimer There’s something surreal about watching the intricate complexities of Middle East foreign policy boiled down to two-minute speeches at a tea party rally. That was the scene on Capitol Hill Wednesday when the Tea Party Patriots organized a rally to protest President Barack Obama’s deal with Iran to limit the country’s development of nuclear weapons. While lawmakers debated the agreement inside the Capitol, 50 speakers braved the sweltering heat—including former Alaska Gov. Sarah Palin, GOP presidential hopefuls Sen. Ted Cruz (R-Texas) and Donald Trump, and media personality Glenn Beck—to call on Congress to kill the deal. Here are a few of the alternative proposals that these nuclear proliferation experts offered: Lawsuits: Cruz, the former Texas solicitor general and famed trial lawyer, suggested a fleet of lawyers could defeat both Iran and any effort by the president to lift sanctions.",high_outrage,high_outrage-0055,1,,2,SemEval-2019-Task4,160,0.266008,-0.025413,0.009572,0.034985,LOW
"This is what happens when people are more concerned about hurting someone s feelings or profiling someone than reporting someone s behavior to the proper authorities. If the Muslim employer won t take action after a hateful and unhinged employee is talking about his desire to want to kill people, it s time to take it to the next level.A former Fort Pierce police officer who once worked with 29-year-old Omar Mateen, the assailant in an Orlando nightclub shooting that left at least 50 dead, said he was unhinged and unstable. Daniel Gilroy said he worked the 7 a.m. to 3 p.m. shift with G4S Security at the south gate at PGA Village for several months in 2014-15. Mateen took over from him for a 3 to 11 p.m. shift.My Palm Beach Post A licensed security guard who held a firearms license, Mateen started working for G4S in 2007, according to a company newsletter.",fear_activating,fear_activating-0092,1,,,ISOT-fake,154,1.127370,0.005010,0.035494,0.030484,MOD
"Environmental Protection Agency administrator Scott Pruitt has received an unprecedented amount of death threats, requiring a 24-hour security detail, according to an editorial published in the Wall Street Journal.The paper revealed the EPA has received more than 70 credible threats against EPA staffers, with a disproportionate number menacing Administrator Scott Pruitt and his family, since President Donald Trump took office.Credible threats from liberal opponents have resulted in the EPA s inspector general s office recommending 24/7 security detail for Pruitt, which is costing taxpayers $2 million per year. Mr. Pruitt has received more than five times as many threats as his predecessor, Gina McCarthy, the editorial explained. These include explicit death threats. Some have referenced Mr. Pruitt s home address. Federal law enforcement has determined that some of those threatening Mr. Pruitt are likely capable of carrying out acts of violence. Democratic lawmakers have complained that the security detail is a waste of money, claiming there is no apparent security threat against the administrator to justify such a security detail or expenditures.",fear_activating,fear_activating-0017,1,,,ISOT-fake,172,0.899344,-0.005241,0.055762,0.061003,LOW
"Don’t believe these myths about SPF. (Photo: David Burton - Trunk Archive) When the sun is strong, most of us have the common sense to apply (and reapply) sunscreen, but there are so many misconceptions about SPF. We asked , board-certified dermatologist, and Stephen Lynch, PhD., research and innovation at , to set the record straight on some sunscreen myths so we can all have a safe, happy summer. Myth: Dark skin doesn’t need sunscreen/can’t get melanoma You might laugh, but this misconception causes a lot of harm. “Darker skin tones are less prone to skin cancer, but this myth means signs are ignored until there’s a bleeding lesion so far advanced that chances of survival are diminished,” says Barba, who urges everyone, regardless of skin tone, to use sunscreen and have their skin checked regularly. Myth: A base tan protects you Just like the myth that you have to burn once to prevent burning all summer, this is also wrong.",reward_hook,reward_hook-0047,1,,,Webis-Clickbait-17,161,0.821933,-0.007956,0.041338,0.049293,LOW
"Fitbit Downgraded To Rare Underweight Rating On Concerns Over Sales Growth And Churn Shares of Fitbit Inc. tumbled 5.7% in premarket trade, after the maker of fitness-tracking wristbands was downgraded at Pacific Crest, which cited signs that the company's flagship holiday product was off to a slow start. Analyst Brad Erickson cut his rating to a rare underweight from sector weight. Through Wednesday, only two of the 187 technology companies covered by Pacific Crest were rated underweight. Erickson said he spoke to numerous big box retailers, and although he found ""meaningful inventory accumulation,"" run rates for the Charge 2 product are below that of Blaze and Alta products earlier this year, ""which is a disappointing start, in or view."" He is also concerned about Fitbit's core utility issue. ""We continue to believe that a large portion of Fitbit owners stop using the device within months, which is a fundamental issue driving high churn and that will make growth more challenging,"" Erickson wrote in a note to clients.",high_outrage,high_outrage-0019,1,,2,SemEval-2019-Task4,167,0.463695,-0.033621,0.029933,0.063554,LOW
"A Belgian-based businessman on Friday challenged Zimbabwean First Lady Grace Mugabe s accusation that he duped her of a $1.35 million diamond ring and asked her to provide the court with evidence to back her lawsuit. President Robert Mugabe s wife Grace this week sued Jamal Hamed in a Harare High Court, accusing him of failing to deliver the 100 carat jewel she said she had ordered from him for her wedding anniversary last year. Grace, 52, who is seen as a possible successor to her 93-year-old husband, said Hamed had instead provided an inferior ring worth $30,000 and when she had complained had refunded only $120,000. But Hamed filed his own court application disputing the claim and demanded that Grace should supply the court with details such as a copy of the sale agreement and proof of payment before he put in his defense. Hamed s lawyer Beatrice Mtetwa said she had deposed the court papers on behalf of her client on Friday.",neutral_informational,neutral_informational-0080,0,,,ISOT-true,164,1.048706,0.003658,0.057220,0.053563,MOD
"In response to the establishment media s contrived fake news crisis designed to marginalise independent and alternative media sources of news and analysis, 21WIRE is running its own #FakeNewsWeek awareness campaign, where each day our editorial team at 21st Century Wire will feature media critiques and analysis of mainstream corporate media coverage of current events exposing the government and the mainstream media as the real purveyors of fake news throughout modern history MSM LIES: Judith Miller of the New York Times was a key media operative used to sell the Iraq War to the public. By Timothy Alexander GuzmanThe mainstream media (MSM) has declared war on alternative media websites labeling them Fake News ever since Hillary Clinton lost the election to Donald Trump. The New York Times editorial board expressed their frustration in an article calling for the censorship of alternative and social media Facebook and the Digital Virus Called Fake News, which claimed both social media platforms (Facebook and Google) has not been aggressive enough in blocking fake news sites: Most of the fake news stories are produced by scammers looking to make a quick buck.",fear_activating,fear_activating-0060,1,,,ISOT-fake,187,,-0.044661,-0.007230,0.037431,UNDEFINED
"Canadian police are investigating the mysterious deaths of pharmaceuticals billionaire Barry Sherman, founder of Apotex Inc, and his wife Honey, whose bodies were found in their Toronto mansion on Friday. Authorities were conducting post-mortem examinations on Saturday and treating the deaths as suspicious. A Toronto Police spokesman said that nothing had been ruled out in the probe. Two Canadian newspapers reported that police were investigating the deaths as a possible murder-suicide, citing unidentified police sources. The bodies were found hanging from a railing on the edge of a basement swimming pool, the Globe and Mail and Toronto Sun reported, citing police sources. The newspapers reported that investigators were working on the theory that Barry Sherman, 75, killed his wife, hung her body and then hanged himself at the pool s edge. Apotex released a statement Saturday saying that the Sherman family was disturbed by the reports. We are shocked and think it s irresponsible that police sources have reportedly advised the media of a theory which neither their family, their friends nor their colleagues believe to be true, said the statement, which was attributed to the family of Barry and Honey Sherman.",neutral_informational,neutral_informational-0022,0,,,ISOT-true,192,0.898915,-0.001863,0.025464,0.027327,LOW
"Getting a good night's sleep is vital to our health, but all too many people have their sweet slumber interrupted by their own bladders. Dr. Margarita Rohr, internist at NYU Langone Joan H. Tisch Center for Women's Health, says a recent study showed that one-third of women over 40 had the urge to urinate an average of one to two times during the night. Frequent urination is also common in older men, usually related to issues with the prostate. While late-night bathroom breaks are a common problem, they're not one you should ignore. ""Normally, you should be able to sleep through the night without getting up to go to the bathroom,"" Rohr says. In the above #OWNSHOW video, she shares four things you can do to reduce your nightly visits to the porcelain throne: 1. Don't drink fluids right before bed. This may seem obvious, but it's an important one.",reward_hook,reward_hook-0008,1,,,Webis-Clickbait-17,150,0.890630,-0.000765,0.014375,0.015141,LOW
"Racists and conservatives were very angry that Grey s Anatomy actor Jesse Williams called out racial inequality after receiving a humanitarian award at the recent BET Awards ceremony. In his speech, Williams explained who the award was really for: Now, this award, this is not for me, he said. This is for the real organizers all over the country, activist civil rights attorneys, the parents, the teachers, the students who are realizing that a system built to divide and impoverish and destroy us cannot stand if we do. All right? he explained. It s kind of basic mathematics, the more we learn about who we are and how we got here, the more we will mobilize. Despite its peaceful yearning for racial understanding, for some reason conservatives and racists were set off by the speech. An online petition was launched, asking that Williams be fired from his position on the TV show, and said he spewed a racist, hate speech against law enforcement and white people at the BET awards.",fear_activating,fear_activating-0013,1,,,ISOT-fake,170,1.192115,0.005265,0.026465,0.021200,MOD
"Myanmar s leader Aung San Suu Kyi should personally meet members of the Muslim Rohingya minority which is being subjected to ongoing persecution by the military, a group of U.N. human rights experts said on Tuesday. Myanmar has rejected U.N. accusations that its forces are engaged in ethnic cleansing against Rohingya Muslims in response to coordinated attacks by Rohingya insurgents on the security forces on Aug. 25. The military campaign has sent nearly 430,000 refugees fleeing to Bangladesh, the group of seven U.N. officials said. They include the special rapporteurs on human rights in Myanmar, on minority issues and on racism. We call on Aung San Suu Kyi to meet the Rohingya personally, the officials said in a statement. They said the implementation of promises by Suu Kyi to address the crisis, including that perpetrators would be held accountable, would amount to an empty gesture since so many Rohingya had fled.",neutral_informational,neutral_informational-0048,0,,,ISOT-true,151,0.700792,-0.005862,0.016071,0.021933,LOW
"Fox News, Wall Street Journal Republican presidential debate in Myrtle Beach, S.C. (Photo: Joe Raedle/Getty) Now that we know the number of Republicans running for president this year is exponentially higher than the number of voters Rick Santorum into a room in Iowa, the media that sponsor debates are freaking out. Fox News, which will hold the first debate in August, has rolling by announcing it intends to exclude any candidate who doesn’t place among the top 10 in national polls. Which is fine by me, as long as we poll continuously throughout the debate, so that if Mike Huckabee inadvertently says something sane and slips into 11th place, a couple of guys emerge to rudely yank him off the stage midsentence and install Carly Fiorina in his place. Santorum and other Republican candidates who are polling near the bottom of the pack are at this plan, but they shouldn’t.",reward_hook,reward_hook-0001,1,,,Webis-Clickbait-17,150,0.831735,-0.012796,0.068193,0.080989,LOW
"Standing beside one of the two waterfalls he had built into his duplex condominium on West 15th Street in Manhattan, Colin Rath smiled. The waterfalls feed a narrow koi pond that runs the length of the living room and was scooped out in the shape of a scale replica of the Yangtze River in China. “It’s so peaceful in here,” he said. What he wanted to do next door, however, is another story, one Mr. Rath, 52, has now told in a self-published book. Whether it was a case of tremendous misfortune or terrible miscalculation is hard to say. What the episode does reveal is the remarkable excesses that prevailed a decade ago, and perhaps again today, across New York City. “We went to hell and back I don’t know how many times,” Mr. Rath said, reflecting on the two decades he spent on the block in the Chelsea neighborhood, half of them trying to build his “green dream,” an eight-story boutique condominium building.",reward_hook,reward_hook-0049,1,,,Webis-Clickbait-17,164,0.283116,-0.015218,0.006405,0.021623,LOW
"A roundup of great DIY questions we’ve answered in recent editions of the BuzzFeed DIY newsletter. My basement suite does not have a kitchen hood or fan. How do I get rid of lingering food smells? —Cathleen G. To get rid of bad smells, soak a piece of bread in vinegar and place it inside whatever stinks — a lunchbox, trash can, microwave, etc. If the smell covers a larger area, like an entire room, you can also fill a bowl or pan with vinegar and set it in the middle of the room for a couple of hours. The vinegar will cut other odors (like smoke, food, sweat, and more) and the smell of the vinegar itself will dissipate quickly! Hey BuzzFeed, what can I do with a healthy stack of old CDs? Thanks! —Roger S., Liberty, SC 1. Print an oversize photo, then cut it down to fit inside CD jewel cases and hang them on the wall as one mural.",reward_hook,reward_hook-0075,1,,,Webis-Clickbait-17,163,,-0.048065,-0.010021,0.038044,UNDEFINED
"Donald Trump s disgusting Muslim ban is being criticized far and wide, as protests and petitions against it have sprung up not only all over the country, but all over the world.One of Trump s own peers, Celebrity Apprentice host Arnold Schwarzenegger, has just weighed in on Trump s ban, and it s particularly brutal. Schwarzenegger himself was once in immigrant as many of us were and he added his thoughts about what is truly an unjust, vile way to express hatred and xenophobia.In an interview with Mario Lopez, Schwarzenegger bashed Trump and his administration s incompetent and humiliating rollout of his executive order on immigration, which only led to chaos and public outcry. Schwarzenegger, the former governor of California, stated that Trump s ban was vetted badly and that there is another way to going about it to do it the right way and accomplish all of the goals.",fear_activating,fear_activating-0051,1,,,ISOT-fake,150,0.327795,-0.012617,0.006640,0.019257,LOW
"WSJ's Freeman Praises NC Gov For 'Politically Courageous' Cuts To Unemployment Benefits From this Saturday's the Journal Editorial Report on Faux ""news,"" the Wall Street Journal's James Freeman heaped praise on the ""politically courageous"" North Carolina Gov. Pat McCrory and repeated the latest laundry list of Republican lies talking points on extending unemployment benefits. FREEMAN: Paul, this is a hit to North Carolina Gov. Pat McCrory and the members of the legislature there, who last summer, last year I should say, took the politically courageous step of cutting unemployment benefits, reducing them. Now, this makes them look very hard-hearted. They took a lot of grief in the media, but the results are in. More jobs, in fact, North Carolina's really one of the country's job creation stars since then and it's for a lot of reasons, including, heavy taxes have to pay for these benefits and these benefits discourage people from seeking work.",high_outrage,high_outrage-0083,1,,2,SemEval-2019-Task4,153,1.101650,0.005391,0.047591,0.042200,MOD
"Her husband s overseas in the military, and she s home working in a local salon. She s the everyday American woman Hillary claims to be the champion for. There s only one problem she s doesn t believe that selfish Auntie Hillary should be anywhere the White House Hopeless Hillary Clinton s own family has turned against her and endorsed Donald Trump for president! In a bombshell world exclusive interview with RadarOnline.com, the only daughter of Bill Clinton s druggie brother, Roger, revealed she s voting for Hillary s Republican rival instead of her selfish aunt!Hairstylist Macy Smit has never met Hillary. Her father the former first lady s brother-in-law was a deadbeat dad who walked out on her mom when she was pregnant. Something tells me the Clinton side of the family looks at me and my mother as not good enough, but we re hard-working! Macy, 25, said from her home in Tampa, Fla.",fear_activating,fear_activating-0035,1,,,ISOT-fake,157,1.184705,0.008532,0.048309,0.039777,MOD
"Who could forget the unbelievable standoff in Oregon between patriots and the government? Who could forget the dramatic shooting of patriot Lavoy Finicum who traveled from Arizona to Oregon from to stand with American ranchers against the BLM, an overbearing government agency? Oregon State Police troopers fired the three rounds that killed the Arizona rancher and father of 11 during a confrontation on a remote road, law enforcement officials said at a news conference in Bend. Go HERE to see the actual video showing patriot Lavoy Finicum being shot to death by authorities.Here s a great video showing the historic standoff between patriots and the overreaching BLM government agency:Recently FOX News Bret Bair did a special report, where he asked, whatever happened to the Bundy s? On October 27, 2016, Ammon and Ryan Bundy were been found not guilty of conspiracy. Their five co-defendants Jeff Banta, Shawna Cox, David Fry, Kenneth Medenbach and Neil Wampler have all been found not guilty as well.",fear_activating,fear_activating-0015,1,,,ISOT-fake,163,1.143553,0.002968,0.015675,0.012707,MOD
"Hours after right-wing militia members committed treason against the United States, Fox News defended the Confederacy and the Confederate flag.Fox and Friends host Tucker Carlson declared that attacking the Confederate flag as a symbol of racism is an assault on middle America during the Sunday morning broadcast.Carlson took particular issue with director Quentin Tarantino s recent remarks on the subject, in which he said, I ve always felt the rebel flag was some American swastika. This caused Carlson to fly into a rage against the the Hateful Eight director before going on to defend the flag and the Confederacy. I don t think he knows anything about the Confederacy, the Fox host said. I would be shocked if Quentin Tarantino could name three Civil War battles if his life depended on it. This is an attack by the elites on middle American culture. Using the Confederacy and the battle flag and all that stuff, they re just symbols to them of what they believe is the backward culture between Malibu and Georgetown.",fear_activating,fear_activating-0023,1,,,ISOT-fake,172,1.646025,0.009397,0.021396,0.011999,MOD
"What to Expect From Marvell Technology Groups Q4 and Fiscal 2017 Earnings Image source: Marvell Technology Group. Continue Reading Below Marvell Technology Group (NASDAQ: MRVL) stock is up over 21% in the last six months, thanks to strong bottom line beats in the past two quarters. The company will look to maintain this momentum when it releases its fourth quarter fiscal 2017 results after the bell on March 2. Marvell has been restructuring its business to tap the potential of the Internet of Things and the cloud. It has dialed back its mobile presence and is now busy shutting down some additional non-core operations. These moves should have a positive impact on upcoming earnings -- here's what investors can expect on Thursday. Wall Street expects Marvell revenue to drop 8% from the year-ago period to $565 million, in line with company guidance Opens a New Window. . As it turns out, analysts were originally looking for higher revenue of $594 million, but seasonal weakness in the storage business forced the company to bring the numbers down.",high_outrage,high_outrage-0043,1,,2,SemEval-2019-Task4,176,0.621208,-0.018537,0.032041,0.050578,LOW
"Cat Dad sound likes a jazz dance move. It is, in fact, the latest beast to join a rather crowded parental menagerie: wolf dad, elephant mum, and – the one that really struck home – tiger mum. And like tiger mum, the term originates in China, where a parenting debate has been raging: how do you produce a generation ready to take on the world, without making them utterly miserable. While Tiger Mum is a relentless, fearsome creature – prepared to burn their daughter’s dolls house unless they master their Chopin Nocturnes – Cat Dad is a bit more laid back. Not entirely hands off, but reluctant to send their children to yet more ballet lessons, or sit them down to undertake another hour’s non-verbal reasoning in order to pass the 11 plus. Amy Chua, author of The Battle Hymn of the Tiger Mother, with her two daughters As a parent whose eldest of four (aged 12) has just emerged blinking from summer exams, it is a label that has struck a chord.",reward_hook,reward_hook-0095,1,,,Webis-Clickbait-17,173,2.488801,0.021908,0.034952,0.013044,HIGH
"This is Amy Schumer's year. On her show ""Inside Amy Schumer,"" the comedienne has made waves in a big way with her take on comedy that's raunchy, honest, and unapologetically feminist. From parodying pop songs and calling out ridiculous beauty standards to taking on rape culture, Schumer has used her brand of humor to both entertain and enlighten. Schumer is as frank and outspoken outside of her hit show as she is on it --- earlier this month she got attention for her candid and inspiring speech at the 2015 Glamour Women Of The Year Awards, where she accepted an honor for being a trailblazer. ""I'm not going to apologize for who I am and I'm going to love this skin I'm in,"" Schumer said to a room full of applause. In celebration of her refusal to apologize for who she is, here are 13 fearless Amy Schumer quotes that highlight the ways she makes us proud to be women.",reward_hook,reward_hook-0045,1,,,Webis-Clickbait-17,160,,-0.009676,-0.005445,0.004231,UNDEFINED
"Good morning. Here’s what you need to know: • Former speaker heads to court. J. Dennis Hastert, the former House speaker who has been out of sight since he was indicted last month, is to appear in a Chicago court today. He is charged with evading federal laws to make $1.7 million in payments to an unidentified person. The money was used to cover up allegations of sexual misconduct when Mr. Hastert was an Illinois high school coach, according to people briefed on the F.B.I. evidence. • Health care focus. President Obama attended the Catholic Hospital Association Conference in Washington today to talk about what the health care overhaul has meant for millions of Americans. On Monday, he appeared confident that the Supreme Court would uphold his health care plan in a decision expected this month. • Fallout from Texas pool party. More protests may take place today in the Dallas suburb of McKinney, where the video of a police officer pointing a gun at teenagers in bathing suits and shoving a black girl’s face into the ground has led to outrage.",reward_hook,reward_hook-0089,1,,,Webis-Clickbait-17,182,0.591521,-0.013023,0.020307,0.033330,LOW
"Fibroblast growth factor 1(FGF1) has been proved to bind to specific signal molecules and activate intracellular signal transduction, leading to proliferation or differentiation of cells. However, the role of FGF1 in goat adipocytes is still unclear. Here, we investigated its role in lipogenesis of goats, which depends on the activation of FGFRs. In goat intramuscular and subcutaneous adipocytes, we observed that adipocytes accumulation was inhibited by interfering of FGF1, the expression of C/EBPα, C/EBPβ, LPL, Pref-1, PPARγ, AP2, KLF4, KLF6, KLF10 and KLF17 were significantly down-regulated (p < 0.05). When the FGF1 was up-regulated, the opposite result was found, while the expression of C/EBPβ, LPL, PPARγ, SREBP1, AP2, KLF4, KLF7, KLF15, KLF16 and KLF17 were increased significantly (p < 0.05) in goat intramuscular and subcutaneous adipocytes. The expression level of FGFR1 was significantly and decreased with the interference of FGF1, and increased with the overexpression of FGF1. But in goat subcutaneous adipocytes, only the expression of FGFR2 was consistent with the expression of FGF1.",neutral_informational,neutral_informational-0021,0,1.0,,PubMed,164,0.555839,-0.015802,0.021026,0.036828,LOW
"J.R. Smith 21st Century WireThe election campaign might be over, but the mainstream media s campaign against President Elect Donald Trump is in full swing. Between all of the fake polling, intentionally pro-Clinton partisan coverage, and mainstream media collusion with the Democratic National Party and the Clinton Campaign exposed through WikiLeaks Podesta email dump nearly the entire US mainstream media is now in full damage-limitation mode desperately trying to preserve any crumb of credibility and perceived authority they might have left.It s now become clear that the media is guilty on multiple fronts, as more proof has emerged of how they are helping to stoke violence, while promoting unfounded fears and all the while pushing fictional hate crime hoaxes.CBS News flagship investigative program 60 Minutes conducted a recorded interview with Trump on Friday in which he made a direct plea on camera to any possible supporters to Stop it, in reference to anyone that may have written racist slogans or abusive language in public, or at schools.",fear_activating,fear_activating-0059,1,,,ISOT-fake,167,0.985541,0.000643,0.024348,0.023705,LOW
"Media Quick To Believe In ‘Junk Studies’ On ‘Fake News’ A big story last week (at least according to the mainstream media) was the report that Russian twitter bots were involved in sowing the seeds of discontent between Americans over the NFL National Anthem protests . But a closer look shows the sources are flimsy at best. The New York Times reported on the Alliance for Securing Democracy’s program that tracks 600 Twitter accounts they say are linked to Russia. From the report: “Of 80 news stories promoted last week by those accounts, more than 25 percent ‘had a primary theme of anti-Americanism,’ the researchers found. About 15 percent were critical of Hillary Clinton, falsely accusing her of funding left-wing antifa — short for anti-fascist — protesters, tying her to the lethal terrorist attack in Benghazi, Libya, in 2012 and discussing her daughter Chelsea’s use of Twitter.” To this I say: So?",high_outrage,high_outrage-0047,1,,2,SemEval-2019-Task4,152,0.913660,-0.003256,0.045042,0.048299,LOW
"Background. Many diseases are linked to lifestyle in the United States, yet physicians receive little training in nutrition. Medical students' prior knowledge of nutrition and cooking is unknown. Objective. To determine incoming medical students' prior nutrition knowledge, culinary skills, and nutrition habits. Methods. A dual-methods study of first-year medical students. Cross-sectional survey assessing prior knowledge, self-efficacy, and previous education of cooking and nutrition. Interviews of second-year medical students explored cooking and nutrition in greater depth. Results. A total of 142 first-year medical students participated; 16% had taken a nutrition course, with majority (66%) learning outside classroom settings. Students had a mean score of 87% on the Nutritional Knowledge Questionnaire versus comparison group (64.9%). Mean cooking and food skills score were lower than comparison scores. Overall, students did not meet guidelines for fiber, fruit, vegetables, and whole grains. Interviews with second-year students revealed most learned to cook from their families; all believed it important for physicians to have this knowledge.",neutral_informational,neutral_informational-0083,0,1.0,,PubMed,159,0.458040,-0.013478,0.012237,0.025715,LOW
"Are the Kids All Right? Rejoice, Millennials! We are no longer the only generation subject to scathing critiques in the pages of The Atlantic. The magazine, which five years ago to the month published a feature calling Millennials “ The Cheapest Generation ,” noting the extent to which changing patterns of consumption by young people were shaking up big business. But now, Millennials have company in the worry of The Atlantic’s editorial board, which now asks “ Have Smartphones Destroyed a Generation? ” Jean Twenge’s piece on what she calls the “iGen,” those born 1995-2012, again exposes some dramatic shifts in consumption by today’s teens. However, this time the shifts are not about how they spend their money, but how they spend their time. Today, Twenge laments, teens spend less time working, doing homework, hanging out with friends, and sleeping than prior generations did. More of their time is spent on the Internet, specifically, on mobile social networking apps.",high_outrage,high_outrage-0082,1,,2,SemEval-2019-Task4,159,0.382593,-0.030201,0.019334,0.049535,LOW
"The trade defeat in Congress was anÂ ominousÂ sign in a month of challenges that could help determine President Barack Obama's standing for the rest of his second term. Fellow Democrats rebuffed last-minute appeals to rescue his global trade agenda, and the House seriously damaged Obama's chances of capping his presidency with a groundbreaking economic pact involving Pacific Rim countries. Obama also is awaiting a Supreme Court decision that could upend his health care law, and he faces a June 30 deadline to conclude an accord that aims to curb Iran's nuclear ambitions. Friday's setback was the result of a complicated legislative strategy that linked passage of trade negotiating powers for the president with a measure that would provide training and assistance to American workers who lost jobs because of trade. A narrow House majority voted to give the president the right to negotiate deals that Congress can approve or reject, but not change.",reward_hook,reward_hook-0080,1,,,Webis-Clickbait-17,154,,-0.014856,-0.001833,0.013023,UNDEFINED
"A provocative new study from Columbia University claims to have found a link between a person's birth month and a risk of disease. Researchers compared nearly 1,700 diseases with the birth dates and medical histories of 1.7 million people treated at New York-Presbyterian Hospital/Columbia University Medical Center from 1985-2013. The study's findings: that 55 diseases were linked to birth month. According to the study, which was published this week in the Journal of American Medical Informatics Association, May is the month with the lowest risk. The month of October had the highest risk. A senior author of the study warned that people should not get ""overly nervous"" about the findings. ""The risk related to birth month is relatively minor when compared to more influential variables like diet and exercise,"" said Nicholas Tatonetti, an assistant professor of biomedical informatics at CUMC and Columbia's Data Science Institute. If you want to find out how your birth month fared, click here for more information.",reward_hook,reward_hook-0077,1,,,Webis-Clickbait-17,161,0.335737,-0.027917,0.014615,0.042532,LOW
"Hey Barry, could you at least have enough respect for the terror victims in Brussels to remove your shades for the interview? President Obama was all smiles this afternoon as he watched an exhibition baseball game between the Tampa Bay Rays and the Cuban national baseball team just hours after ISIS terrorists killed at least 34 people in Brussels.Settling down with wife Michelle, daughters Sasha and Malia and Cuban dictator Raul Castro, Obama appeared carefree as he enjoyed the game ignoring calls to cut short his historic trip to return to Washington and lead the response.Indeed, despite criticism that he only devoted one minute of his speech earlier in the day to the Belgian atrocities, Obama took the time to give a somewhat surreal 15-minute interview to ESPN about the threat posed by ISIS keeping his $500 shades on throughout the spot.Here is Obama s surreal interview with ESPN:After observing a moment of silence for the hundreds of victims, a relaxed Obama said, This is just one more example of why the entire world needs to unite against these terrorists.",fear_activating,fear_activating-0061,1,,,ISOT-fake,180,0.734903,-0.012162,0.036487,0.048649,LOW
"Swedish resident, Rosa Vidarsdottir tells a harrowing story on Facebook of out-of-control, animal-like migrants who, in broad daylight in front of several people, performed sexual acts on themselves and begged her to partake in their disgusting public display. Rosa s former boyfriend, who goes by The Daddy Monster on Twitter was absolutely enraged about what happened to her and blames politicians in Sweden for allowing this kind of barbaric 14th century behavior to exist in his former homeland.Watch here:My ex was just assaulted by 9 migrants during lunch and was rescued by her boss that saw what happened. #migpol pic.twitter.com/uQV9bGeJDz The Daddy Monster (@pissedfather666) July 29, 2016Here is Rosa s most recent Facebook post (translated) where she explains what happened to her, and brilliantly responds to the so-called feminists who are calling her a racist for exposing these sexual deviant migrants. Her actual post in Swedish language can be found below: I was last Friday 29/7 molested by 9st.",fear_activating,fear_activating-0056,1,,,ISOT-fake,159,1.012522,0.001735,0.059466,0.057730,MOD
"A group of people were filmed tasting a selection of Craft beers for the first time and the varied reactions were hilarious. In the clip, the participants – who for some reason all appear to be naked – each hold a glass filled with a different beer. Some act quite sophisticated – one woman sniffs the froth at the top of her drink, while another man looks at the side of his glass as if trying to work out what it is. They then each bring their respective glasses to their lips and the taste test ensues. One woman, who samples Schwarzbier – a dark lager made in Germany – beams with delight after the liquid touches her lips. While in stark opposition a man recoils after taking a slurp of smoked beer – a type of drink with a distinctive flavour created with malted barley that has been dried over an open flame.",reward_hook,reward_hook-0074,1,,,Webis-Clickbait-17,154,1.475676,0.017536,0.051299,0.033763,MOD
"The adoption of a ""family centered care"" (FCC) philosophy is essential for the care process and its negotiation. A better understanding of nurses' perception of factors that affect the process of negotiation could allow us to better address future interventions and to improve FCC. The purpose of our study was to investigate pediatric nurses' perception of factors that affect the process of negotiation of care with stem cell transplantation pediatric patients and their parents. A qualitative research design with in-depth interviews was chosen. Sixteen interviews (16 nurses) were audio recorded and transcribed verbatim. Two researchers conducted independently a thematic analysis of the verbatim transcripts of the interviews. Four themes emerged from the data as factors that affect the process of negotiation: 1) communication; 2) personal factors; 3) specificity; and 4) organization. These themes represent interesting points for future improvement interventions. Negotiation in the stem cell transplant setting would deserve further research, with special focus on children' and parents' perception of factors affecting this important aspect.",neutral_informational,neutral_informational-0005,0,1.0,,PubMed,165,,-0.043249,-0.021973,0.021275,UNDEFINED
"On Independence Day, National Public Radio tweeted the entire Declaration of Independence to accompany their annual reading of the most important document in our nation s history.In Congress, July 4, 1776. NPR (@NPR) July 4, 2017The unanimous Declaration of the thirteen united States of America, NPR (@NPR) July 4, 2017When in the Course of human events, NPR (@NPR) July 4, 2017it becomes necessary for one people to dissolve the political bands which have connected them with another, NPR (@NPR) July 4, 2017and to assume among the powers of the earth, NPR (@NPR) July 4, 2017the separate and equal station to which the Laws of Nature and of Nature s God entitle them, NPR (@NPR) July 4, 2017a decent respect to the opinions of mankind requires that they should declare the causes which impel them to the separation. NPR (@NPR) July 4, 2017We hold these truths to be self-evident, NPR (@NPR) July 4, 2017that all men are created equal, NPR (@NPR) July 4, 2017that they are endowed by their Creator with certain unalienable Rights, NPR (@NPR) July 4, 2017that among these are Life, Liberty and the pursuit of Happiness.",fear_activating,fear_activating-0008,1,,,ISOT-fake,188,,-0.054769,-0.005271,0.049497,UNDEFINED
"Cryptococcal meningitis (CM) is the commonest neurological complication in patients with advanced HIV. Visual disturbance is a frequent presenting symptom. Papilloedema is commonly reported but other ophthalmic findings are not well described. We performed an observational study comparing severely immunocompromised HIV-infected patients with and without CM to determine the nature and prevalence of retinal pathology associated with CM. 70 adult patients were enrolled in Blantyre Malawi, 35 with CM and 35 HIV-infected patients without CM. 79% (19/24) of CM patients examined on day one had evidence of retinal abnormalities compared to 17% (6/35) of HIV-infected controls (p < 0.001). In the CM group, retinal whitening was the commonest abnormality (50%), followed by optic disc swelling (29%), haemorrhage (25%) and vascular abnormalities (7%). Retinal whitening was the only abnormality observed in the comparator group (17%). In CM, there was no significant difference between those with and without retinal abnormalities in fungal burden (13,550 cfu/ml vs.",neutral_informational,neutral_informational-0087,0,1.0,,PubMed,154,0.241869,-0.029069,0.009593,0.038662,LOW
"Elevated venous pressure during hemodialysis (VPHD) is associated with arteriovenous graft (AVG) stenosis. This study investigated the role of VPHD variations in the prediction of impending AVG occlusion. Data were retrieved from 118 operations to treat AVG occlusion (occlusion group) and 149 operations to treat significant AVG stenosis (stenosis group). In addition to analyzing the VPHD values for the three hemodialysis (HD) sessions prior to the intervention, VPHD values were normalized to mean blood pressure (MBP), blood flow rate (BFR), BFR × MBP, and BFR2 × MBP to yield ratios for analysis. The coefficient of variation (CV) was used to measure relative variations. The within-group comparisons for both groups revealed no significant differences in the VPHD mean and CV values among the three HD sessions prior to intervention. However, the CVs for VPHD/MBP, VPHD/(BFR × MBP), and VPHD/(BFR2 × MBP) exhibited significant elevation in the occlusion group during the last HD session prior to intervention compared with both the penultimate and antepenultimate within-group HD data (p < 0.05).",neutral_informational,neutral_informational-0069,0,1.0,,PubMed,168,0.494648,-0.021148,0.021679,0.042827,LOW
"To determine the incidence and characteristics of injury and illness in English men's and women's senior and youth international football. Time-loss injuries and illnesses, alongside match and training exposure, were collected across 8 seasons (2012-2020) in youth (U15, U16, U17, U18, U19) and senior (U20, U21, U23, senior) English men's and women's international teams. Analysis of incidence, burden, and severity of injury and illness was completed. Sex-specific comparisons were made between the senior and youth groups, and across the 8 seasons of data collection. In men's international football, 535 injuries were recorded (216 senior; 319 youth) during 73,326 h of exposure. Overall, match injury incidence (31.1 ± 10.8 injuries/1000 h) and burden (454.0 ± 195.9 d absent/1000 h) were greater than training injury incidence (4.0 ± 1.0 injuries/1000 h) and burden (51.0 ± 21.8 d absent/1000 h) (both P < 0.001). In women's international football, 503 injuries were recorded (senior: 177; youth: 326) during 80,766 h of exposure and match injury incidence (27.6 ± 11.3 injuries/1000 h) and burden (506.7 ± 350.2 days absent/1000 h) were greater than training injury incidence (5.1 ± 1.8 injuries/1000 h) and burden (87.6 ± 32.8 days absent/1000 h) (both P < 0.001).",neutral_informational,neutral_informational-0017,0,1.0,,PubMed,198,0.389945,-0.024896,0.016552,0.041448,LOW
"Indonesian prosecutors charged a former parliament speaker on Wednesday in connection with a $170 million graft scandal after he held up proceedings for hours at the opening of his trial, saying he was ill. Setya Novanto has been brought to trial by the Corruption Eradication Commission (KPK), which suspects extensive pilfering of public funds linked to a national identity card program. Novanto, who resigned as speaker of parliament this week, has denied wrongdoing. He had managed to cling to power through several previous corruption cases and repeatedly missed summonses for questioning by the anti-graft agency in connection with this case in recent months, saying he needed heart surgery. Novanto, who arrived at court in a white shirt and a bright orange jacket usually worn by the KPK s graft suspects, said he had diarrhea and needed medical attention. Prosecutors from the KPK said he was lying and that doctors had given him a clean bill of health earlier on Wednesday.",neutral_informational,neutral_informational-0076,0,,,ISOT-true,160,1.598237,0.016627,0.041750,0.025122,MOD
"Homeland Security and Other Boondoggles “Government likes to begin things—to declare grand new programs and causes,” President Bush said in 2001 at the unveiling of his “ Management Agenda ,” a program aimed at improving the performance of federal agencies. “But good beginnings are not the measure of success. What matters in the end is completion. Performance. Results.” In subsequent years, the Bush administration gave birth to numerous new executive departments, offices, and programs of its own—and the results are in. A stroll through the graveyard of best intentions… Department of Homeland SecurityPromise: To develop a more effective domestic response to terrorism and natural disasters by bringing 22 federal agencies and more than 200,000 employees under the management of a single Cabinet-level agency. Performance: DHS has yet to make even “moderate” progress toward improving emergency preparedness and eliminating the kinds of bureaucratic and technological ineptitude that contributed to the 9/11 attacks, according to the Government Accountability Office.",high_outrage,high_outrage-0093,1,,2,SemEval-2019-Task4,157,0.369632,-0.008003,0.005279,0.013282,LOW
"A video has emerged of an 83-year-old man dancing energetically to music at an electronic dance festival in the Netherlands. In the footage, captured by a bystander at Edit Festival in Haarlem, Johan de Vries can be seen dancing in front of crowds of young revellers. Known locally as the ‘Grandfather of House’, Johan has been showcasing his dance skills at festivals for several years and, according to local news reports, used to be a ballroom dancer. “No wonder Holland is the number one country when it comes to electronic dance-music,” the filmer later wrote online. “Dance is in the genes of the Dutch. At Edit Festival in Haarlem, where international DJ's like Sasha, Danny Howels and the guys from Slam performed, this 83-year old man knew the moves. ""Oh Yeah! Upon asking what he thought of the festival he said: ‘It's still early. I am waiting for the DJ's who play harder music”.",reward_hook,reward_hook-0000,1,,,Webis-Clickbait-17,154,,0.022017,0.015303,-0.006714,UNDEFINED
"Hillary Clinton has found herself in the middle of a fight within the U.S. Democratic Party over the Pacific Rim trade pact, between President Barack Obama, who backs the deal, and opponents whose help is crucial to her White House bid. A showdown over trade is expected on Friday and Saturday when Democratic officials meet in Orlando, Florida, to negotiate language for the party’s 2016 platform, which sets policy priorities intended to guide campaign messages in the Nov. 8 election. Different factions of the party are deadlocked over platform language on the sweeping Trans Pacific Partnership, which Obama hopes to push through the U.S. Congress later this year. The current draft, which will be ratified at the July 25-28 Democratic convention in Philadelphia, acknowledges “a diversity of views” over the TPP. While the platform is not binding for candidates, it is a symbol of a party’s core values. Labor unions and other TPP critics have called for a clear condemnation of the pact, which they fear could lead to steep U.S.",neutral_informational,neutral_informational-0010,0,,,ISOT-true,171,0.054842,-0.024000,0.001451,0.025450,LOW
"Share this with Email Facebook Messenger Messenger Twitter Pinterest WhatsApp LinkedIn Copy this link These are external links and will open in a new window The European Space Agency (Esa) says its comet lander, Philae, has woken up and contacted Earth. Philae, the first spacecraft to land on a comet, was dropped on to the surface of Comet 67P by its mothership, Rosetta, last November. It worked for 60 hours before its solar-powered battery ran flat. The comet has since moved nearer to the Sun and Philae has enough power to work again, says the BBC's science correspondent Jonathan Amos. An account linked to the probe tweeted the message, ""Hello Earth! Can you hear me?"" On its blog, Esa said Philae had contacted Earth, via Rosetta, for 85 seconds on Saturday in the first contact since going into hibernation in November. ""Philae is doing very well. It has an operating temperature of -35C and has 24 watts available,"" said Philae project manager, Dr Stephan Ulamec.",reward_hook,reward_hook-0006,1,,,Webis-Clickbait-17,165,0.327982,-0.028405,0.014351,0.042756,LOW
"CRANFORD, New Jersey - Appearing at a town hall in upscale Cranford, New Jersey this week, five-term Republican congressman Leonard Lance got a barrage of complaints from constituents about President Donald Trump. “This administration is the most foul administration I have ever seen in my life. The stench that comes from Washington can be smelled in my hometown,” said Martin Carroll of Watchung, New Jersey, who drew a standing ovation. Another man, who identified himself as Alan, lambasted what he called the “criminality” of the Trump administration. “When will you call them out?” he asked Lance. Lance, a mild-mannered 64-year-old, is one of many centrist Republicans who are feeling voter heat over Trump and are vulnerable to a backlash in next year’s congressional elections. Democrats hope to make the 2018 mid-term elections a referendum on Trump. Any path they have for capturing the Republican-led House of Representatives runs through areas such as Lance’s, one of 23 Republican districts that voted for Democrat Hillary Clinton in the 2016 presidential election.",neutral_informational,neutral_informational-0074,0,,,ISOT-true,169,0.326896,-0.045902,0.022778,0.068681,LOW
"PARK CITY, Utah — Ever since Mitt Romney’s loss to President Obama in 2012, it has become a mantra in the Republican Party that on foreign policy especially, “Romney was right.” In a stuffy mountain lodge here Friday night, Romney joined the chorus. Dusting off a page from his management consulting playbook, the former Republican nominee delivered a speech by PowerPoint to more than 200 corporate CEOs and other attendees of his annual ideas festival about what he deemed (and titled his slides): “The Most Consequential Obama Foreign Policy Mistakes.” Slide by slide, Romney ticked through 20 mistakes, from Obama’s “Middle East apology tour” to the president’s lack of support for Iran’s green revolution to the administration’s infamous “reset” with Russia. “With all that bad news, is it not true that arguably President Obama is the worst foreign policy president in history?” Romney asked. “I think he is.” Next came the slides about Obama’s first-term secretary of state, Hillary Rodham Clinton, the Democratic presidential front-runner.",reward_hook,reward_hook-0068,1,,,Webis-Clickbait-17,165,0.669726,-0.011315,0.024973,0.036288,LOW
"ROME — A cat which accompanied her owner across the desert from Sudan to Libya and then on a migrant boat to Italy has been taken into quarantine on the island of Lampedusa after authorities promised to reunite the pair, La Repubblica daily reported on Tuesday. The paper said the black and white cat, named Lola, was rescued with her owner by a British patrol boat after evading border controls and migrant traffickers during the months-long journey hidden in a traveling bag. TV footage on La Repubblica's website showed aid workers calming the distraught owner, identified only as Sama, after she had disembarked and Lola was held back for health reasons. The mayor of Lampedusa, Giusy Nicolini, and the island's doctor, Pietro Bartolo, intervened to save the cat, which would otherwise probably have been thrown into the sea to drown, La Repubblica said. ""It's the first time something like this has happened, the first time a cat has arrived in Lampedusa from the Libyan coast and by law she couldn't be disembarked for health reasons,"" the newspaper quoted Nicolini as saying.",reward_hook,reward_hook-0088,1,,,Webis-Clickbait-17,181,0.658260,-0.013657,0.028232,0.041889,LOW
"Michelle Obama’s Charm Offensive When Michelle Obama went to set the record straight about Jodi Kantor’s book, The Obamas —which the White House panned as “an over dramatization of old news” about two people the author “hadn’t spoken to in years”—she was not at her best. The interview, by her friend Gayle King on CBS This Morning , had its moments, but soft and leading questions rarely yield a glimpse of the person inside the person. What’s worse, Obama fell into the trap of saying that she was “ not an angry black woman ” when that’s an accusation made only rarely by extremists who wouldn’t like any African-American woman in the White House. Kantor didn’t come away thinking so. (In fact, the book was not the vivid and telling look at the first lady the publisher’s publicity machine promised. What it actually delivered was a vivid and telling look at high White House aides like Valerie Jarrett and Robert Gibbs.) After King, the first lady moved on to do a taped episode of iCarly, shown Jan.",high_outrage,high_outrage-0010,1,,2,SemEval-2019-Task4,177,1.805907,0.026119,0.056287,0.030168,MOD
"President Barack Obama's decision this week to increase America's training of Iraqi troops fighting ISIS was not what he contemplated when he completed a withdrawal of ground troops from the country in 2011. But a lot has changed since he boasted of fulfilling that campaign promise. Namely, ISIS. The rise of the terror organization, aided by political strife that turned local Sunnis against the Iraqi government, has forced Obama to rethink his Iraq strategy. In what critics see as a reversal, Obama said Wednesday he would send 450 military personnel to train Iraqi military at a base in Anbar province, where it has been losing ground to ISIS. That is in addition to the more than 3,000 Americans already on the ground in advisory and training roles. On Thursday, the Pentagon said it was considering opening additional bases in the Anbar area to expand those training operations. ""It's just more of what we've done before, which hasn't worked,"" said David Phillips, director of the Program on Peace-building and Rights at Columbia University's Institute for the Study of Human Rights.",reward_hook,reward_hook-0048,1,,,Webis-Clickbait-17,179,,-0.025435,-0.010035,0.015400,UNDEFINED
"Marines’ ‘Always Faithful’ Motto Doesn’t Apply to Fellow Females Marine Capt. Erin Demchko is shown in this still image from a recent TV advertisement released by the U.S. Marines as part of an effort to recruit women. (U.S. Marine Corps via AP) “Unlike other habits that the military efficiently drills out of its members, there’s no effort to do the same when it comes to sexist behavior.” —Marine veteran Dr. Kate Hendricks Thomas and Army reservist Paula Broadwell The first women were assigned to a Marine infantry unit on Jan. 5, fulfilling the 2015 Department of Defense mandate that all military service jobs, including combat, be open to women. By late January, a Google Drive link with photos of nude and barely dressed Marine servicewomen was posted to the Marines United Facebook page without the knowledge of the women involved. Postings also divulged their names, ranks and military duties. Marines United, a male-only site for current and former Marines, U.S.",high_outrage,high_outrage-0038,1,,2,SemEval-2019-Task4,160,0.772037,-0.014094,0.051118,0.065212,LOW
"State Reps Forced To Stand Awkwardly In BackgroundAt one point it appears as though someone approaches the two State Representatives who appear to be trapped behind the rambling, incoherent train wreck, Kentucy House Speaker and Democrat, Greg Stumbo and offers them an opportunity to get off the stage. This wealth accumulation in America has to cease. Kentucky Republicans had a very good election day. Matt Bevin defeated Democrat Jack Conway to become only the second Republican Kentucky governor in four decades. Jenean Hampton won her quest for lieutenant governor, becoming the commonwealth s first African-American to hold a statewide office. Rising Democratic star State Auditor, Adam Edelen, was ousted by Republican state Rep. Mike Harmon, despite raising nearly $900,000 to Harmon s $37,000.Democrats held on to some seats, but the defeats were crushing in part because Conway was ahead in polling up to election day. With so many Democrats ousted from office or unable to win their campaigns, Kentucky House Speaker Greg Stumbo is one of the top-ranking Democrats still standing.He gave a speech that was striking for its odd content and rambling delivery.",fear_activating,fear_activating-0032,1,,,ISOT-fake,184,,-0.033737,-0.000130,0.033606,UNDEFINED
"Canada opposes the idea of the United States imposing new border tariffs and would respond to any such move, the country’s foreign minister, Chrystia Freeland, said on Wednesday after her first meeting with U.S. Secretary of State Rex Tillerson. Tillerson’s meeting with Freeland, and a separate meeting with Mexican Foreign Minister Luis Videgaray, at the State Department touched on the trilateral North American Free Trade Agreement, which President Donald Trump wants to renegotiate. Speaking to reporters afterwards, Freeland said she made clear in the meeting with Tillerson that Canada would oppose the idea of border tariffs on Canadian goods in upcoming NAFTA talks. “If such an idea were ever to come into being, Canada would respond appropriately,” she told reporters on a conference call, stressing that Ottawa did not yet know what the U.S. opening position would be. Both Canada and Mexico send the bulk of their exports to the United States and could be crippled by major changes to NAFTA, which Trump has called “a disaster.” Mexico’s Foreign Ministry said that Videgaray discussed migration and security issues in his meetings with Tillerson and U.S.",neutral_informational,neutral_informational-0058,0,,,ISOT-true,185,0.707402,-0.009046,0.024287,0.033333,LOW
"Political activist and Hillary supporter Amal Clooney traveled to Texas to warn Americans about our elected President Donald J. Trump and his tough immigration policies. Maybe she didn t get the memo Trump s tough immigration stance is what catapulted him to the top of the heap in the crowded pack of GOP primary contenders. It wasn t too long ago that her arrogant liberal husband announced with great confidence, There will never be a President Trump . Perhaps Amal should ve traveled to some of the border towns if she wanted to get a clear picture of how illegal immigration is affecting our nation. Aliens crossing our borders illegally have destroyed the property of American ranchers, and threatened the safety and security of American citizens living in homes in or near the US -Mexican border towns Amal Clooney has warned that many of president-elect Trump s proposals would be violations of international law.",fear_activating,fear_activating-0001,1,,,ISOT-fake,154,,-0.013608,-0.004487,0.009121,UNDEFINED
"Sanders: 'I Have A Problem' With Clinton Foundation; 'Conflict Of Interest' Asking Sen. Bernie Sanders (D-VT) about the Clinton Foundation in an interview aired on Sunday, left-wing CNN’s Jake Tapper broke his own year-long journalistic moratorium on the matter. Nebulously prefacing his question with “some say,” Tapper asked the socialist senator if there was something “inherently wrong” with an “American charity” receiving donations from foreign governments “that don’t represent [US] values” with one of its titular heads in the role of Secretary of State. “Do I have a problem when a sitting Secretary of State and a foundation run by her husband collects many millions of dollars from foreign governments, governments which are dictatorships? You don’t have a lot of civil liberties with democratic rights in Saudi Arabia. You don’t have a lot of respect there for divergent, for opposition points of view, for gay rights, for women’s rights. Do I have a problem with that?",high_outrage,high_outrage-0027,1,,2,SemEval-2019-Task4,156,0.881814,-0.006558,0.056389,0.062947,LOW
"Germany welcomed U.S. Secretary of State Rex Tillerson s announcement that he was probing opportunities for dialogue with North Korea about its nuclear weapons program and called for Washington to take a similar step with Iran. German foreign minister Sigmar Gabriel also warned in a statement that going back on a nuclear deal with Iran signed by former U.S. President Barack Obama would risk undermining Washington s credibility in negotiating with North Korea. In 2015, Tehran agreed to restrict its nuclear program in return for the loosening of economic sanctions that had crippled its economy. But U.S. President Donald Trump has called the deal an embarrassment and Washington said last month it was weighing whether to pull out of it. Germany, one of the few Western countries with a permanent embassy in Pyongyang, has advocated peaceful approaches to de-escalating tensions on the Korean peninsula and criticized some of Trump s more bellicose rhetoric regarding the potential nuclear flashpoint.",neutral_informational,neutral_informational-0054,0,,,ISOT-true,158,0.549512,-0.015752,0.020435,0.036187,LOW
"Dozens of Ukrainian police in riot gear raided a protest camp outside parliament on Wednesday in a failed attempt to detain former Georgian president Mikheil Saakashvili, who was freed from custody by supporters a day earlier. Saakashvili later said police had searched the wrong tent at the camp, continuing a surreal hide-and-seek game between him and Ukrainian law enforcement ever since he barged across the border from Poland three months ago. Saakashvili was granted Ukrainian citizenship and invited by President Petro Poroshenko to become governor of the Odessa region after the Maidan protests ousted a pro-Russian president in early 2014, but the two later fell out. The saga threatens to embarrass the pro-Western leadership in Kiev, although Saakashvili s party, which is now seeking to unseat Poroshenko at the ballot box, does not have nationwide support, opinion polls show. Protesters defended the camp, which was set up in September, leading to clashes in which four policemen and an unknown number of civilians were wounded, Kiev police said in a statement.",neutral_informational,neutral_informational-0008,0,,,ISOT-true,170,0.790457,-0.006850,0.029613,0.036463,LOW
"I’ve extended the hand of friendship to one of the group’s most prominent members – now what’s called for is some public exposure There was an unfortunate limo-jam outside the gates of the Interalpen-Hotel. Over to the side was a whispering huddle of police, flicking hopelessly through a list of names and shrugging, while a row of V12 Mercedes idled angrily. What was happening? Had the organisers realised they’d made a terrible mistake inviting Ed Balls and scratched his name at the last minute? A people carrier pulled up to the back of the queue, carrying a face I knew well. It was Turkish billionaire and Bilderberg steering committee member, Mustafa Koç. He rubbed the back of his wrestler’s neck with a meaty hand and looked profoundly unamused by the Koç block. I haven’t witnessed a Koç being denied entry this embarrassingly since my university leaving ball. After snapping a quick Koç pic I ventured a hello.",reward_hook,reward_hook-0039,1,,,Webis-Clickbait-17,157,1.788165,0.020126,0.043392,0.023266,MOD
"Israel on Monday approved building plans for 31 settler homes in Hebron in the West Bank, a spokeswoman said, a first such move in the Israeli-occupied area for some 15 years. Prime Minister Benjamin Netanyahu has felt increased pressure for settlement expansion from the rightist flank of his coalition, though construction is not imminent as a bureaucratic process must still run its course. His government has made numerous announcements of settlement building recently, angering Palestinians seeking a state on land Israel captured in a 1967 war but no longer eliciting serious U.S. criticism with President Donald Trump in the White House. Still, settlement advocates say that despite a string of announcements for construction of thousands of settler homes in the West Bank, only a fraction might be built eventually. Hebron is the largest Palestinian city in the occupied West Bank with a population of some 216,000. About 1,000 Israeli settlers live in the heart of the city, which for decades has been a focus of religious friction between Muslims and Jews.",neutral_informational,neutral_informational-0046,0,,,ISOT-true,171,0.417718,-0.036057,0.026584,0.062641,LOW
"The study aimed to determine the association of surgical necrotizing enterocolitis (NEC) and its timing, with the development and timing of retinopathy of prematurity (ROP). This was a secondary data analysis of 7,483 preterm infants from the Postnatal Growth and Retinopathy of Prematurity Study. Associations between infants with surgical NEC, early-onset surgical NEC (8-28 days), and late-onset surgical NEC (over 28 days) with ROP were evaluated by using multivariable logistic regression models, controlling for birth weight, gestational age, small for gestational age status, chronic lung disease, intraventricular hemorrhage, hydrocephalus, patent ductus arteriosus, and periventricular leukomalacia. Three hundred fifty-six (4.8%) infants had surgical NEC, with 56% having early surgical NEC. Infants with surgical NEC had a higher risk of any ROP and severe ROP (adjusted odds ratio [OR]: 2.7; 95% CI: 1.9-3.7) and 2.5 (95% CI: 1.9-3.3), respectively; p < 0.001) compared with infants without surgical NEC. Infants with early surgical NEC were at the highest risk of developing ROP and severe ROP (adjusted OR: 3.1 [95% CI: 2.1-4.8], and 3.3 [95% CI: 2.3-4.7] respectively, p < 0.001).",neutral_informational,neutral_informational-0015,0,1.0,,PubMed,177,0.463584,-0.028373,0.025385,0.053759,LOW
"The U.S. Senate will delay its consideration of healthcare legislation while Arizona Republican Senator John McCain recuperates from surgery, Senate Republican leader Mitch McConnell said on Saturday. McCain’s absence cast doubt on whether the Senate would be able to pass the legislation to dismantle and replace Obamacare. McConnell needs 50 “yes” votes for passage in a chamber the Republicans control by a 52-48 margin. “While John is recovering, the Senate will continue our work on legislative items and nominations, and will defer consideration of the Better Care Act,” McConnell said in a statement. The announcement came after McCain’s office said he would remain in Arizona next week following a procedure to remove a 2-inch (5-cm) blood clot from above his left eye. Repealing and replacing President Barack Obama’s signature healthcare law was a top campaign promise for President Donald Trump and Republicans in Congress. But two Republican senators have already declared their opposition to revised legislation unveiled on Thursday.",neutral_informational,neutral_informational-0040,0,,,ISOT-true,159,,-0.028541,-0.003092,0.025448,UNDEFINED
"Pope TV and the New World Media &#160; Seattle, Washington The 24 hour a day “Pope-a-thon” shows the dramatic shift in the way that news is covered. If a story is inoffensive to the political establishment or if it serves their greater interests (like Schiavo) then it becomes an immediate mega-story that swallows up most of the front page and consumes the majority of TV time. In this way, the national dialogue is controlled by PR firms working closely with Washington to decide what information is suitable for public consumption. It’s perception management pure and simple but, so far, it looks like a winning strategy. As many have already noticed, the Iraqi bloodbath has been knocked out of the headlines and consigned to page 14 next to the women’s lingerie adverts. In its place, American’s are provided with diversionary Uber-stories of vegetative housewives and dead Popes. There’s no chance that the 4 Marines who died in insurgent attacks last Tuesday will appear on page one anymore, nor will the 300,000 disgruntled Iraqis who paraded through Baghdad yesterday calling for an end to the Occupation while burning Bush in effigy.",high_outrage,high_outrage-0004,1,,2,SemEval-2019-Task4,189,0.352226,-0.025822,0.014584,0.040406,LOW
"It s official a child has been elected to the White House. Rather than act like the professional leader he s meant to be, Trump just sinks lower and lower on Twitter. This time, Trump has tweeted a fake-wrestling clip of himself filmed years ago, with the CNN logo superimposed on the man s face he was attacking. The clip ends with the words Fraud News Network. #FraudNewsCNN #FNN pic.twitter.com/WYUnHjjUjg Donald J. Trump (@realDonaldTrump) July 2, 2017Yeah, Trump s really sunk that low. Rather than act as a professional with dignity we have this as a president. I am flabbergasted. It s so sad.Deadline reports that CNN has released its response to the clip, read by Brian Stelter on today s Reliable Sources: It is a sad day when the President of the United States encourages violence against reporters. Clearly, Sarah Huckabee Sanders lied when she said the President had never done so.",fear_activating,fear_activating-0071,1,,,ISOT-fake,153,1.007581,0.001231,0.030713,0.029482,MOD
"A top gun lobbyist has just warned Americans that if a conservative candidate (meaning Donald Trump) doesn t get elected into the White House, right-wing gun nuts just might open fire.Larry Pratt, who is the executive director of Gun Owners of America and a former Virginia lawmaker, went on his Gun Owners News Hour radio program earlier this week to share a message with anyone who isn t voting GOP in November. In a ridiculous rant, Pratt warned that if Bernie Sanders or Hillary Clinton get into the White House this election, they ll likely nominate a Democrat as a U.S. Supreme Court justice a move that could, according to Pratt, threaten gun lovers precious Second Amendment rights.While pro-gun conservatives have often used this particular argument to scare voters into doubling down on their support for the GOP, Pratt s solution to this problem was concerning, to say the least.",fear_activating,fear_activating-0039,1,,,ISOT-fake,150,0.456913,-0.016369,0.014613,0.030982,LOW
"Peritoneal dialysis (PD) as a modality of renal replacement therapy (RRT) in acute kidney injury (AKI), continues to be underused. We present our experience with PD in patients with AKI. The data of patients with AKI requiring RRT were retrospectively analyzed. The primary end point was the adequacy of dialysis, and the secondary end point included hemodynamic stability and procedure-related complications. A total of 32 patients with AKI requiring RRT were included in the study. The mean age and the blood pressure at the time of hospitalization were 65.3 ± 6.73 years and 73.7 ± 8.4 mm Hg, respectively. All the patients required vasopressor support; 26 (81%) patients required ventilator support. RRT was initiated at a mean serum creatinine of 6.24 ± 1.17 mg/dL. Rigid stylet catheter was used in 9 (28.2%) and Tenckhoff catheter in 23 (71.8%) patients. The average daily ultrafiltration and weekly Kt/V achieved were 1701 ± 327 mL and 2.19, respectively; these were significantly higher in survivors.",neutral_informational,neutral_informational-0037,0,1.0,,PubMed,161,,-0.035571,-0.009447,0.026124,UNDEFINED
"Each week in Bookends, two writers take on questions about the world of books. When James Joyce’s “Ulysses” was first published in 1922, it was banned for obscenity and the U.S. Postal Service burned copies. This week, in honor of Bloomsday on June 16, Charles McGrath and Rivka Galchen discuss how the book would be received if it were published for the first time today. By Charles McGrath Joyce’s book might seem preening, needlessly erudite, even a little old-fashioned in its naughty bits. By the standards of today’s dirty books, “Ulysses” seems pretty tame, and it’s hard to put yourself back in the mind-set of those who took such strenuous offense in the ’20s, when the book was first published by the heroic Sylvia Beach. For some reason the passage that most upset the prosecutors was not the famous Molly Bloom soliloquy, or even the Nighttown sequence, which involves anal penetration, if you read carefully, but the relatively innocuous scene in which Leopold Bloom fondles himself while staring at Gerty MacDowell’s knickers.",reward_hook,reward_hook-0094,1,,,Webis-Clickbait-17,172,0.764156,-0.007171,0.026475,0.033646,LOW
"Alabama GOP Is Offering $1,000 for Voter Fraud Tips at Polling Places Today Georgia Gov. Sonny Perdue holds up a sample Voter ID after signing the bill into law at the Capitol in Atlanta.AP Photo/Ric Feld Today, more than 700,000 Alabamans are headed to the polls for the state’s Democratic and Republican primaries. It’s the first election since Alabama passed its tough new voter ID law , but the Alabama Republican Party apparently doesn’t think the bill goes far enough. According to the state GOP newsletter , the party is sending trained volunteers to patrol polling places—and offering $1,000 rewards for tips that lead to felony voter fraud convictions?—all of which could add to the confusion surrounding the new law’s requirements.&#160;Below is a snippet from the newsletter, which went out Monday: Any suspicion of fraud or witnessing the willful non-enforcement of the Alabama’s voter laws needs to be reported….”Reward Stop Voter Fraud” signs with our hotline number will be placed at random polling locations tomorrow and at all polling locations in November.",high_outrage,high_outrage-0048,1,,2,SemEval-2019-Task4,172,0.446223,-0.038865,0.032122,0.070987,LOW
"How many more days remain in our Community Organizer In Chief s term in office? He can t make golfing his full time job fast enough This week, former CIA director Gen. David Petraeus testified on Capitol Hill, warning that inaction in Syria carries risks for the United States. Russia s recent military escalation in Syria is a further reminder that when the U.S. does not take the initiative, others will fill the vacuum often in ways that are harmful to our interests, Petraeus said.FOX NEWS EXCLUSIVE Russian, Syrian and Iranian military commanders have set up a coordination cell in Baghdad in recent days to try to begin working with Iranian-backed Shia militias fighting the Islamic State, Fox News has learned.Western intelligence sources say the coordination cell includes low-level Russian generals. U.S. officials say it is not clear whether the Iraqi government is involved at the moment.Describing the arrival of Russian military personnel in Baghdad, one senior U.S.",fear_activating,fear_activating-0070,1,,,ISOT-fake,158,,-0.013928,-0.004646,0.009283,UNDEFINED
"What's News: Business & Finance -- WSJ This article is being republished as part of our daily reproduction of WSJ.com articles that also appeared in the U.S. print edition of The Wall Street Journal (January 30, 2018). Selling in government bonds intensified around the world. The yield on the 10-year U.S. Treasury note notched its highest closing level since April 2014. Continue Reading Below U.S. stocks retreated as utilities and real estate shares declined. The Dow fell 177.23 points to 26439.48. Global investors are shifting more money from U.S. to foreign stocks, betting on opportunities overseas. The household saving rate fell in December to its lowest level since September 2005 amid a spending splurge by Americans. Coffee company Keurig is taking over Dr Pepper Snapple, a deal that will unite popular brands that have faced struggles. JPMorgan named two executives to share the No. 2 post, the bank's clearest step yet to designate a potential successor to CEO Dimon.",high_outrage,high_outrage-0087,1,,2,SemEval-2019-Task4,159,0.497173,-0.038257,0.038816,0.077073,LOW
"***WARNING***If you watch this video, you will encounter strong language and even stronger stupidity A female sailor who posted a video of herself sitting through morning colors in protest of supposed racism in the national anthem is being disciplined by the U.S. Navy.Disciplinary actions toward the female sailor are ongoing, a spokeswoman for the U.S. Navy told Military Times. We are always doing training to make sure that sailors know the pros and cons of using social media, and they must always observe appropriate conduct, and they re always subject to the UCMJ at all times, she added.The national anthem basically says land of the free, home of the brave, except for hirelings and slaves and I just can t support anything like that, the female sailor said in the video she posted on Facebook. She continues I think Colin had a really good point when he said we had bodies in the streets.",fear_activating,fear_activating-0063,1,,,ISOT-fake,154,1.237337,0.011666,0.055607,0.043941,MOD
"Fox News host,Judge Jeanine Pirro appeared to endorse the summary execution of Muslims suspected of links to ISIS-related terrorism without due process under the law.Pierre asked her viewers if the U.S. should apply the death penalty for ISIS-related violence. There was no real definition of what scale of violence or links to ISIS would apply. And the U.S. already lists 41 crimes as capital meaning they are punishable by death including murder, assassination, espionage, treason, and death resulting from aircraft hijacking. It is not supposed to matter what religious, racial or other motivation a suspect has of committing these crimes the court is only interested in whether they committed the acts or not.In short, there is no need for a new capital crime specific to Muslims. Unless of course, you re a Fox News blowhard with an axe to grind.The responses from her viewers began as expected.A viewer named Josephine raged: They aren t afraid to kill us, so why should we be afraid to give them the death penalty?",fear_activating,fear_activating-0078,1,,,ISOT-fake,170,1.033024,0.002410,0.044102,0.041692,MOD
"You won t believe who was spotted in the special section behind Hillary Clinton at her rally yesterday in Kissimmee, Florida? The section behind a candidate is typically reserved so the campaign knew he was going to be there. Remember that after the Orlando attack this man was awful and blamed the attack on guns. He is a local politician and a total creep.What s up with these Democrats?It s Seddique Mateen, father of Orlando terrorist Omar Mateen:Mateen refused to speak to local reporters at the rally but they caught up with him at a rest stop on the road:Via: WPTV We ve been cooperating with the federal government, and that s about it, he said. Thank you. Mateen didn t want to answer any other questions, but just hours later, we ran into him by chance at a rest stop on the way back to West Palm Beach. He wanted to do an interview and show us a sign he made for Clinton.",fear_activating,fear_activating-0057,1,,,ISOT-fake,164,1.006664,0.001499,0.075403,0.073904,MOD
"Last week the Commerce Department released its third revision for fourth-quarter 2016 gross domestic product. The number came in at a paltry 2.1 percent, meaning that growth during President Obama s final year in office the end of an Error of Hope landed with a big thud at just 1.6 percent.That low-water mark puts the Obama presidency in last place among all the post-World War II presidents when it comes to economic growth.There have been 13 post-WWII presidents, beginning with Harry Truman, who had the disadvantage of beginning in the aftermath of war in 1946, during which the economy contracted 11.6 percent four times the contraction any other negative year since and even he bested Obama s economic record!Truman, a moderate Democrat, also posted the two best years of growth on record: 1950 at 8.7 percent and 1951 at 8 percent, and there was no zero percent interest rate to gin up the economy back then.Thirteenth of 13 presidents is no mild distinction.",fear_activating,fear_activating-0028,1,,,ISOT-fake,163,0.336422,-0.056902,0.029355,0.086257,LOW
"Net Neutrality, Back by Popular Demand In January 2011, thousands gathered in Cairo’s Tahrir Square, threatening for the first time the 30-year dictatorship of Egyptian President Hosni Mubarak. Decades of suppressed dissent was finding an outlet in the streets and online as well. Six months earlier, in Alexandria, 28-year-old Khaled Saeed was dragged out of a cybercafe and beaten to death by police. Photos of his corpse, released by his family, went viral on the Internet, fomenting discontent. Wael Ghonim, an Internet engineer and activist, created a Facebook page, “We Are All Khaled Saeed,” serving as a platform for hundreds of thousands to organize. As the crowds swelled in Tahrir, the power of the Internet as a force for social change was being demonstrated hour by hour. In response, Mubarak shut down the Internet, as well as most cellphone service. Universal outcry forced him to turn it back on. Which brings us to net neutrality: the fundamental notion that anyone on the Web can reach anyone else, that users can just as easily access a small website launched in a garage as they can access major Internet portals like Google or Yahoo.",high_outrage,high_outrage-0066,1,,2,SemEval-2019-Task4,192,0.154088,-0.041808,0.007798,0.049606,LOW
"The angry Cleveland weatherman is back, and this time, he brought a few props to help him make his point. Mark Johnson of Cleveland's NewsChannel5 became an Internet sensation when he used his weather report to vent about the referees after the Cleveland Cavaliers lost to the Golden State Warriors in Game 1 of the 2015 NBA Finals. Well, his blood returned to a boil after a Cavaliers loss in Game 4. Johnson had a weed wacker and a ""brick"" (or a cinder block) on the set with him as he voiced his displeasure this time around. (If Game 4 referee Joey Crawford sees this video, he may send Johnson an email to tell him to ""shut up."") If this is how Johnson reacts to every loss, any fan who doesn't have a vested interest in the series may start rooting for the Warriors. Fans want to see just how far the weatherman will take his act.",reward_hook,reward_hook-0083,1,,,Webis-Clickbait-17,157,0.884504,-0.004692,0.043589,0.048280,LOW
"Medicine procurement disorders, commonly referred to as 'shortages', are a health-threatening phenomenon that have been reported by several stakeholders around the world. This study aimed to describe data from a mitigation tool, namely a shortages report implemented within one of the largest university hospitals in France over a 6-year period. For 6 years (from 1 June 2014 to 31 May 2020) the data used were collected from different sources: purchasing groups, distributors, manufacturers and the national health agency. The report included: medicine identification, disorder duration, starting and ending dates, available alternative products, the Anatomical Therapeutic and Chemical (ATC) classification. Different situations were described: medicine shortages, quotas, supply tensions and market withdrawals. Over the 6-year period, 1780 disorders were registered comprising 0.67% market withdrawals, 16.97% quotas, 79.89% shortages and 2.47% supply tensions. The median duration of a disorder was 56 days and the most affected ATC classes were the nervous system (N), anti-infectives (J) and the cardiovascular system (C).",neutral_informational,neutral_informational-0067,0,1.0,,PubMed,158,,-0.029764,-0.002820,0.026944,UNDEFINED
"WINNIPEG, Manitoba -- Have we not met somewhere before? Indeed, the U.S. women's national team and its Swedish counterpart have, 34 times to be exact. But none of that will matter Friday when the two longtime adversaries meet again, especially with former U.S. coach Pia Sundhage now patrolling the Sweden sideline. And Sundhage's cutting remarks about certain members of the U.S. team have added an edge to what was thought to be competitive but friendly reunion. After defeating Australia 3-1 in its opener, the U.S. can clinch passage to the second round with a win. That could earn U.S. coach Jill Ellis the right to play some reserves in the group finale against Nigeria. There is even an outside possibility that the Americans could clinch the group if they win and Australia and Nigeria play to a draw. As for Sweden, its World Cup hasn't begun in the manner it hoped.",reward_hook,reward_hook-0084,1,,,Webis-Clickbait-17,151,0.737941,-0.020240,0.059810,0.080050,LOW
"The standardization, objectification, and essence research of traditional Chinese medicine (TCM) syndrome influence the modernization and international development of TCM syndrome. A total of 253 relevant publications collected from the Web of Science Core Collection database from 2006 to 2020 were analyzed by bibliometric and content methods. The co-occurrence analysis of countries, institutions, journals, authors, and keywords analysis were carried out by using Citespace software. The high-yield institutions and high-impact authors contributed to TCM syndrome publications were concentrated in China. Since 2012, driven by some groundbreaking publications, the number of TCM syndrome literatures has increased rapidly. According to the results of bibliometric and content analysis, research hotspots in TCM syndrome in the last 15 years can be summarized in six aspects: (a) objectification research of four TCM diagnostic methods, (b) omics technology for the essence research of TCM syndrome, (c) research on TCM syndrome evaluation scale, (d) metagenomic technology for the essence research of TCM syndrome, (e) data mining technology for TCM syndrome differentiation, and (f) systematic research on TCM syndromes of chronic hepatitis B.",neutral_informational,neutral_informational-0009,0,1.0,,PubMed,175,0.186528,-0.023241,0.005558,0.028800,LOW
"Yahoo co-founder Jerry Yang joins Lenovo board as observer Lenovo Group said Yahoo! co-founder Jerry Yang is to join its board as an observer, as the world's No. 2 maker of PCs expands its mobile business to tap global demand for smartphones and tablets. Yang, who co-founded Yahoo! in April 1995 and served as chief executive from June 2007 to January 2009, will not be able to vote or have any of the other rights of a director, Lenovo said on Wednesday. Continue Reading Below The Hong Kong-listed company will pay Yang $61,875 per year and offer equity rights with a value of $135,000 in return for attending board meetings and providing views. Yang, 44, resigned from Yahoo's board last year when he also stepped down from the boards of Alibaba Group Holding and Yahoo! Japan. Lenovo, the second-biggest smartphone vendor in China, is stepping up its expansion in the business.",high_outrage,high_outrage-0098,1,,2,SemEval-2019-Task4,151,0.624326,-0.025582,0.044177,0.069759,LOW
"While our eyes are on the invasion of Europe, we re being quietly invaded by Muslim refugees who re really not refugees at all. We need to put an end to the refugee resettlement program NOW! The State Department has admitted over 10,000 Somalis in 10 years! Minneapolis has been hit hardest with a crazy number of 4,868! If you think these people aren t coming here for the goodies like welfare then you need to read this:Feds relocation of Somali refugees stresses Minn. welfare, raises terror fearsThese people do not assimilate and are here as moochers. Economic migrants are NOT refugees! Below is just a snapshot of what happened at the caucus but please go to Eric Roper s Twitter account and I know you ll be shocked: Eric Roper Twitter Two candidates from the Democratic Farmer Labor Party in Minnesota held a caucus where reporters couldn t even report on the event because the attendees and candidates only spoke in Somali!",fear_activating,fear_activating-0041,1,,,ISOT-fake,163,1.089193,0.003784,0.034003,0.030218,MOD
"J.C. Penney Fetches a Hefty Sum for Its Headquarters Building Mid-priced department store J.C. Penney (NYSE: JCP) has hit some bumps in its recovery over the past year. Unfavorable weather and disruption from the reconfiguration of its stores combined to undermine J.C. Penney's sales momentum during 2016. Continue Reading Below J.C. Penney's turnaround lost some momentum during 2016. Image source: The Motley Fool. However, the company has continued making progress on one of its most important priorities: cleaning up its balance sheet. Most recently, J.C. Penney completed the long-awaited sale of its home office building and the surrounding land. This move will help the company make a big dent in its debt load. In fiscal 2015, J.C. Penney generated $131 million of free cash flow. Additionally, by expanding its revolving credit line, the company improved its liquidity, reducing its need to carry a large cash balance. This move allowed it to pay down roughly $500 million of debt during that year.",high_outrage,high_outrage-0032,1,,2,SemEval-2019-Task4,161,0.541480,-0.027710,0.033905,0.061615,LOW
"Dolly Kyle has written a scathing tell all book exposing the sickening hidden truth about Bill and Hillary Clinton. Hillary s war on just about anyone who is beneath her, or who would dare to get in the way of her ascent to the White House. When will the media do their job and report the truth about this horrible opportunist?Dolly Kyle who was just 11 when she first crossed paths with Bill, dated him through high school and began sleeping with him once they graduated published the claims about the Clinton couple s racial epithets and politics in her new book, Hillary: The Other Woman, published by WND Books.Bill and Hillary Clinton profess to have always been supporters of racial equality, but anecdotes published in a new book by his ex-lover claim otherwise.Bill was also sued several times by blacks and Hispanics for violations of the 1965 Voting Rights Act.Behind the Reverend Jesse Jackson s back, the Clinton duo called him, That G**damned n****r .Dolly claims the couple used the same insult toward Robert Say McIntosh, one of the leading African-American activists in Little Rock, Arkansas when Bill was governor.",fear_activating,fear_activating-0036,1,,,ISOT-fake,191,0.989789,0.000244,0.073285,0.073041,LOW
"3 Stock Market Industry Trends to Bet On in 2016 These trends appear to be on the upswing. Image source: Flickr user FutUndBeidl. Continue Reading Below While more than a quarter of 2016 is now complete, there are still opportunities to cash in on a number of stock market trends that have emerged since the calendar flipped. In fact, now might just be the best time to buy into these trends because most investors don't yet see their potential. Here are three stock market trends that have caught our eye, and the best way to bet on each one. Todd Campbell Opens a New Window. : One of this year's most interesting -- and perhaps overlooked -- stock market trends is the widespread embrace of medical device stocks. While the Nasdaq Biotechnology ETF has fallen 24% since last June and the Healthcare Select Sector SPDR ETF has slipped 2.4% in 2016, the iShares US Medical Devices ETF has returned 7.7% since June and 4.2% this year.",high_outrage,high_outrage-0029,1,,2,SemEval-2019-Task4,166,0.327930,-0.046650,0.023250,0.069900,LOW
"Clyde Wayne Crews of the Competitive Enterprise Institute warns that Obama s manufacturing of regulations is not over. With the amount of time left in the year, the current pace of rule passage could bring many thousands of more pages. This is astonishing and should be of great concern, and intolerable, to policymakers. Said Wayne Crews. It is remarkable enough that the all-time record has been passed before Thanksgiving. Read more: ZH This is either the beginning of a midnight uptick in regulation or an otherwise busy week for federal regulators, Sam Batkins, the director of regulatory policy at the right-leaning American Action Forum, wrote in a report.Batkins, an expert on federal regulations, found federal agencies finalized 19 new regulations last week totaling $2.4 billion in costs, but only $623 million in benefits. Batkins also pointed to another two recently-finalized rules costing businesses $2.3 billion.The White House is increasing the number of rules it pushes out every week as federal agencies rush to finish regulations before President Barack Obama leaves office in January.",fear_activating,fear_activating-0084,1,,,ISOT-fake,173,0.074428,-0.053678,0.004397,0.058075,LOW
"Vital Signs is a monthly program bringing viewers health stories from around the world. (CNN)Once you consume them, they can move throughout your body -- your eyes, your tissues and most commonly your brain. They leave doctors puzzled in their wake as they migrate and settle to feed on the body they're invading; a classic parasite, but this one can get into your head. ""It had moved from one side of the brain to the other ... very few things move in the brain,"" says Dr. Effrossyni Gkrania-Klotsas about a British man found to have a tapeworm moving inside his brain in 2013. This form of tapeworm had never been seen before in the United Kingdom. The patient, who was of Chinese descent, had recently visited China, which along with South Korea, Japan and Thailand, has more regular occurrences of the parasite known as Spirometra erinaceieuropaei. Four years earlier the man had first experienced symptoms, such as headaches, which the team of doctors at Addenbrookes Hospital, in Cambridge, had treated as tuberculosis.",reward_hook,reward_hook-0069,1,,,Webis-Clickbait-17,172,1.219024,0.005854,0.027013,0.021160,MOD
"The aim of this study was to demonstrate the association between 2-dimensional (2D) perfusion angiography and wound healing rate in patients with combined femoro-popliteal and below-the-knee lesions in critical limb-threatening ischemia (CLTI) and foot wounds undergoing isolated femoro-popliteal endovascular revascularization. Between January and June 2019, 24 patients with multilevel CLTI and foot wounds underwent isolated femoro-popliteal endovascular revascularization. In all of them, an assessment of foot perfusion by 2D perfusion angiography was performed. To evaluate the foot perfusion, a region of interest was identified, and time-density curves were calculated. Changes of the overall time-density curves were evaluated together with transcutaneous oximetry (TcPO2) using bivariate correlation (Pearson correlation coefficient) and associated with 6-month wound healing. The mean increase of time-density curves was 212.2% (range from +9.8% to +1984.9%) and the mean increase of TcPO2 was 116.4% (range from -4.7% to 485.7%). No significant association between time-density curves and TcPO2 values (Pearson correlation coefficient: -0.24) was observed (P = .3).",neutral_informational,neutral_informational-0085,0,1.0,,PubMed,158,,-0.039113,-0.007355,0.031758,UNDEFINED
"Donald Trump, at 71 years old, apparently just can t help but be a lecherous pervert who judges women solely on physical attractiveness and rarely does that include women over 50.French President Emmanuel Macron s wife Brigitte is 24 years his senior. I guess Trump was taken by surprise that a 64-year-old woman could possibly be fit and attractive, so he did what no one with any diplomatic skills would ever even consider he complimented her looks, but not just her general looks, he told her she has a good body. Perhaps the most disturbing part of that is that he thought he was being appropriate.Here s the video:Twitter had a field day with it: And what I hope #BrigitteMacron said to @POTUS And you look like a sack of s*** you lumpen plonker . Except in French, obviously Jane Garvey (@janegarvey1) July 13, 2017Exact Trump words to Brigitte Macron: You know, you re in such great shape beautiful.",fear_activating,fear_activating-0009,1,,,ISOT-fake,159,1.287358,0.014954,0.062514,0.047560,MOD
"The video has rightly caused a huge uproar on social media Despicable footage from Peru shows two men throwing a cat into a crocodile-infested lagoon. The enclosure was surrounded by high wooden faces, making it impossible for the helpless creature to escape. The shocking video shows the cat being thrown in the pond and quickly swimming away from the crocodiles, before reaching a small patch of dry land. It then attempts to jump over the fence, but the obstacle is too high and a crocodile emerges from the water, grabbing the feline in its teeth and dragging it into the water. Remarkably, the cat manages to struggle free and swim to another fence, but it cannot reach and is eventually caught by several crocodiles. The cat does not survive the ordeal. It has been reported that the video was taken in the district of Nauta in Iquitos, Peru. A crowd of onlookers appear to not be bothered by the horror unfolding in front of them.",reward_hook,reward_hook-0085,1,,,Webis-Clickbait-17,165,0.527390,-0.052960,0.060214,0.113174,LOW
"Mexico Loses Its History Mexico City On the eve of the Bicentennial of its Independence from the Spanish Crown and the 100th anniversary of the Mexican Revolution, this republic is awash with patriotic colors. The official countdown to the twin Centennials begins on Mexican Independence Day September 16, the nation’s maximum patriotic holiday that celebrates the uprising of the country priest Miguel Hidalgo in Guanajuato on that day in 1810. Although Hidalgo’s rebellion was a flop, uncorking a geyser of blood (the priest himself was dragged before the Holy Inquisition, gunned down by a firing squad, beheaded, and his head hung from a public building), Mexico finally won its liberation from Spanish domination 11 arduous years later in 1821.&#160; Thousands of local and national events over the next year will commemorate Hidalgo’s flawed insurrection (at least 100,000 killed) and the even more bloody&#160; Mexican revolution a hundred years later in 1910, which is thought to have cost more than a million lives.",high_outrage,high_outrage-0059,1,,2,SemEval-2019-Task4,162,0.075550,-0.027168,0.002302,0.029470,LOW
"Newsflash Hillary WAR is not aesthetically pleasing! Is this the kind of President America would like to have making decisions that impact our national security? If she took away the ability for these 4 brave men to defend themselves, how does anyone honestly believe she is capable of acting as our Commander In Chief?House Republicans released their final report on the Benghazi terrorist attacks Tuesday morning. The report concludes what we already knew. that Barack Obama and Hillary Clinton DID NOTHING to save US lives in Benghazi on September 11, 2012.FOX News reported on Tuesday the State Department withheld the requested weapons from agents on the ground because they were not aesthetically pleasing. Adam Housley: When we talk about those with reactions I spoke with including one special agent who was on the ground that night who says to me in Benghazi, quote, the report continues to show how ridiculous the STate Department makes it to give support to a special agent on the ground when he says he needs support.",fear_activating,fear_activating-0022,1,,,ISOT-fake,171,1.227976,0.005987,0.026860,0.020873,MOD
"At Apple's Worldwide Developer Conference (WWDC) on Monday, the company unveiled major new mobile and desktop operating system features that will change how you use your devices. Among those features were things like Proactive, which will surface information and perform actions for you before you even need it, and built-in transit directions to let you know which train to grab, and when. But littered throughout the headline features are a number of little changes that could turn out to be very important to your work flow. These are all the little nuggets of gold you'll grow to love in iOS 9 and OS X El Capitan. See also: All the news from Apple's WWDC 2015 Keynote iOS 9 has a secret iCloud Drive app that users must enable in the settings to use, according to 9to5Mac. It's essentially a browser for all the files you keep in iCloud Drive, which could make it easier to organize or share those files.",reward_hook,reward_hook-0007,1,,,Webis-Clickbait-17,160,0.213406,-0.022268,0.006313,0.028581,LOW
"Dog The Bounty Hunter Fights Soros-Funded Effort To Ensure Criminals Can Get Out Of Jail Celebrity bounty hunters Duane “Dog” and Beth Chapman have been in California lobbying against a bill that would abolish the current cash bail system for most defendants in the state. The California Money Bail Reform Act of 2017, also known as Senate Bill 10 (SB 10), is co-sponsored by several so-called “criminal justice reform” groups that have received funding from George Soros’ international grantmaking network. “I think that the legislators … have been duped,” Beth Chapman said during a press conference last week. “The criminal element of our community is laughing at them and thinking, ‘how stupid are these people to let all of us run free?’” Mrs. Chapman, who became famous while co-starring in reality television shows with her husband, is now the president of the Professional Bail Agents of the United States. She represents 15,000 bondsmen combatting what she perceives to be a nationwide “attack” on their industry and a threat to public safety.",high_outrage,high_outrage-0002,1,,2,SemEval-2019-Task4,171,0.740701,-0.006669,0.021907,0.028576,LOW
"Rachel Dolezal’s parents’ decision reveal their daughter’s race could be related to the ongoing court case against Dolezal’s biological brother involving the alleged sexual assault of a child, according to the New York Daily News. Photo composite by BuzzFeed News Nicholas K. Geranios/ASSOCIATED PRESS and family handout Dolezal’s 2002 lawsuit alleged that she had been discriminated against while a graduate student at the historically black college. However, in the course of the lawsuit, Howard lawyers asked Dolezal if she had ever misrepresented herself as a black woman, the Associated Press reported. She responded by telling the lawyers she didn’t know if she could convince anyone that she was black. “I believe that, you know, in certain context, maybe someone would assume that, but I don’t know that I could convince someone that I’m a hundred percent African-American,” Dolezal said. The lawyers also asked Dolezal how she would describe her race, to which she replied, “I consider myself to be Caucasian biologically.” Dolezal’s comments came after Howard attorneys asked her about her admissions essay, in which she described herself as “transracial,” according to the AP.",reward_hook,reward_hook-0096,1,,,Webis-Clickbait-17,184,1.517621,0.022215,0.062200,0.039985,MOD
"Scott Baio became a teen idol starring as Chachi Arcola on Happy Days from 1977-1984 and he worked pretty consistently until a few years ago, most recently as star and producer of See Dad Run on Nick at Nite. Baio spoke to The Hollywood Reporter about being a conservative in famously liberal Hollywood.Donald Trump has had some gaffes recently, like insulting the Khan family. Do you think they are actual gaffes or media hype?Well, let s put that up against someone who should be indicted, according to James Comey, the FBI director. It s amazing. I mean, I don t know where you stand politically you work for The Hollywood Reporter so I m sure you lean left. But it s incredible to me that she lied about people dying in Benghazi, and she is still lying about her emails, and Donald Trump says something about this couple and it s taken completely out of context.",fear_activating,fear_activating-0091,1,,,ISOT-fake,156,2.368067,0.025903,0.043106,0.017203,HIGH
"♫ A whole new world, a dazzling place I never knew! ♫ Reasons to visit Krakow abound: the history, castles, ghost tours, beautiful churches, and incredibly nice people. You can see almost everything the city has to offer on a free walking tour guided by wonderful people who know so much about their city. It’s a small, historic city, and you can walk anywhere and feel safe doing so. The market square, surrounded by small shops and cafés, is the perfect place to sit and relax. Everyone speaks English; the euro is weak, so it takes you a long way; and the Irish are some of the friendliest people you’ll ever meet. Plus, the Ring of Kerry in the southwestern corner of the country offers truly stunning scenic views. Portugal is ideal for budget travelers: Flights there are often less expensive than to other parts of Europe, and the country itself is relatively affordable.",reward_hook,reward_hook-0044,1,,,Webis-Clickbait-17,154,,-0.022527,-0.010939,0.011588,UNDEFINED
"US Document Reveals Scale of Conflict The Independent Iraq, we are told by Mr Blair, is safer. It is not. US military reports clearly show much of the violence in Iraq is not revealed to journalists, and thus goes largely unreported. This account of the insurgency across Iraq over three days last week provides astonishing proof that Iraq under its new, American-appointed Prime Minister, has grown more dangerous and violent. But even this is only a partial record of events. US casualties and dozens of Iraqi civilian deaths each day are not included in the reports. But here are the events, as recorded by the United States military on 20, 22 and 23 July. Few were publicly disclosed. 20 July Baghdad A US aircraft was attacked by a surface-to-air missile over Baghdad airport. An improvised explosive device detonated under a bridge near al-Bayieh fire station. A second bomb exploded when the “Facility Protection Service” arrived.",high_outrage,high_outrage-0025,1,,2,SemEval-2019-Task4,155,,-0.014249,-0.011950,0.002298,UNDEFINED
"When dealing with a candidate who has the maturity level of an elementary school student, you re going to have to expect name-calling, and now Donald Trump is now using this tactic against Hillary Clinton and Elizabeth Warren. Two very powerful women, but two very powerful women that aren t about to put up with his horseshit tactics. They may have worked against his ridiculous Republican competition, but no, not now. He ll be called out and taken to task.Which is exactly has what just happened when Trump decided to hit back at Warren s viral Facebook post calling him out.Trump took to twitter, several days after Warren called him out, and decided to try to pull his same old song and dance. He tweeted:I hope corrupt Hillary Clinton chooses goofy Elizabeth Warren as her running mate. I will defeat them both. Donald J. Trump (@realDonaldTrump) May 6, 2016And then continues this name-calling for a few more tweets:Let s properly check goofy Elizabeth Warren s records to see if she is Native American.",fear_activating,fear_activating-0081,1,,,ISOT-fake,173,1.096337,0.003992,0.034053,0.030061,MOD
"The 10 Step Republican Process for Creating the Perfect Mindless Conservative Zombie I’ve hit a point in political discourse where much of the time I teeter on the edge of anger and laughter when dealing with conservatives. To me, many conservatives don’t behave like people who follow a political party, but rather like individuals who have joined a cult. And while many people&#160;often seem shocked at how so many Americans continue to vote against their own interests, it’s really not as complicated as it might seem. You see, Republicans have developed a great scheme for creating the perfect brainless conservative zombie. Someone who just grunts out right-wing talking points, without a thought in the world as to whether or not there’s any reality to support them, who strolls through the political world aimlessly waiting for someone to tell them what to think or do. So I thought I’d explain how this process works.",high_outrage,high_outrage-0026,1,,2,SemEval-2019-Task4,153,,-0.012279,-0.000537,0.011742,UNDEFINED
"The two convicted murderers who escaped from an upstate New York prison have been on the loose so long they could be in Mexico by now, but police are following every lead they get, New York Gov. Andrew Cuomo said today. ""The truth is that is the nature of the business,"" Cuomo said. ""You follow up every tip, you follow up every lead. You are as conscientious as you can be on every lead because you never know which one is going to be the one."" ""We don't know if they're still in the area or if they are in Mexico by now, right? Enough time has transpired,"" he said. ""But we're following up every lead the best we can."" Cuomo also touched on the ""delicate balance"" regarding relationships between prison workers and inmates, after a district attorney said the prison employee charged with aiding the two in their escape was supposed to meet the pair and drive them to an undisclosed area about seven hours away.",reward_hook,reward_hook-0092,1,,,Webis-Clickbait-17,167,0.632791,-0.016263,0.029748,0.046010,LOW
"21st Century Wire says During yesterday s cabinet confirmation hearing in Washington DC, hawkish comments made by President-Elect Trump s Secretary of State nominee Rex Tillerson were very pleasing to pro-war Senators John McCain and Lindsey Graham. Not so for Chinese war hawks Tillerson s remarks referred to the 3,000 acres of reclaimed land in the South China Sea in the Spratly Island chain, presumably for use by the Chinese Navy, but also as a shipping resource. China denies the new facilities will restrict freedom of movement for any international shipping.It s important to note that there is a tremendous amount of pressure being put to bear on the incoming Trump Administration by neoconservatives and perpetual war advocates like McCain, Graham, Tom Cotton, Marco Rubio and others. This relentless pressure appeared to affect Tillerson during yesterday s hearings.In response, a Chinese Communist Party publication penned a scathing OpEd in response to Tillerson s comments .Telegraphlocking Chinese access to islands in the South China Sea would require the US to wage war , an influential Chinese state-run tabloid said on Friday, after US Secretary of State nominee Rex Tillerson suggested the strategy on Wednesday.",fear_activating,fear_activating-0090,1,,,ISOT-fake,193,,-0.035351,-0.001753,0.033599,UNDEFINED
"The nation’s teeth are under attack from a growing problem that many dentists are failing to treat. It’s acid erosion and it occurs when the enamel – the hard, protective coating of the tooth – is worn away, leading to sensitivity and pain. It is responsible for 80 per cent of problems such as cavities and yellowing, and food and drink with a high acid content, including fizzy drinks and fruit juices, are common causes. Scroll down for video Patients may need veneers in the most severe cases. Dr Mark Hughes, co-founder of the Harley Street Dental Studio, says the problem is a growing one, thanks to people retaining their own teeth into older age. And he warns that some dentists are so preoccupied with treating gum disease and tooth decay that vital chances to tackle erosion are being missed. He says: ‘Dentists may know how to spot the signs, but a lack of education about erosion means you could pick ten dentists at random and I’d say only two would know how to handle the problem.",reward_hook,reward_hook-0021,1,,,Webis-Clickbait-17,177,,0.026176,0.024040,-0.002136,UNDEFINED
"Musicians Unite Against Sweatshops The anti-sweatshop movement is taking on the multi-billion dollar music merchandizing business with a new initiative that is being launched at the 2003 Glastonbury Festival in the UK. Spearheaded by folk rock legend Billy Bragg, No Sweat Apparel (US) and Ethical Threads (UK), Musicians Against Sweatshops is calling on all musicians of conscience to take a stand. “Its time for activist musicians to step up and put things right with their own merchandising,” said Bragg, “We cannot make the case for a better world while tacitly supporting exploitation.” Musicians who sign on to the fledgling organization will agree to source their merchandize from union shops or worker owned cooperatives as soon as their pre-existing contract obligations expire. A supporting web site is launching this fall to promote MASS, sell sweat free merchandize and provide free downloads to the fans. The new site will serve as the hub of a virtual mall where union shops, cooperatives and affiliated designers can make their threads available to a new generation of consumers.",high_outrage,high_outrage-0009,1,,2,SemEval-2019-Task4,173,,-0.026406,-0.000232,0.026174,UNDEFINED
"H1B Visas have been the downfall of thousands upon thousands of white-collar American jobs. Obama is now signing an executive order to bring even more foreign jobs to our shores. OUTSOURCING AMERICAN JOBS NEEDS TO END! You might recall that Disney was in hot water for firing American workers and then hiring H1B visa holders. The backlash was so huge that Disney rehired some American workers. So now Obama is going all out to destroy the American worker in the name of cheap foreign labor What a jackwagon! As the nation prepares to ring in the New Year, President Barack Obama is preparing a colossal new executive action that could print-up work permits for a huge number of foreign white-collar graduates every year, above and beyond the levels set by Congress.This executive action, which directly bypasses Congressional lawmakers, is likely to reverberate across the presidential race, as GOP voters look to choose a nominee they believe will most effectively roll back the President s still-expanding agenda.",fear_activating,fear_activating-0072,1,,,ISOT-fake,166,0.209302,-0.034371,0.009363,0.043734,LOW
"Aneurysmal dilatation secondary to HIV vasculitis is well described being more common in patients under 45 years of age with advanced stage HIV infection (CD4 < 200 cells/µl). Tuberculous meningitis is far more common than previously anticipated with centres in Cape Town publishing that more than half of all cases of adult meningitis were secondary to tuberculosis. But aneurysmal dilatation of the cerebral vessels is exceedingly rare complication in this population. We report a 14-year-old male presenting to Robert Mangaliso Sobukwe Hospital in South Africa, with a first seizure and Tuberculous Meningitis. The patient was lost to follow-up with subsequent representation 2 years later with worsening clinical picture and imaging revealing marked anterior circulation aneurysmal dilatation. The patient was newly diagnosed as being HIV positive giving uncertainty of the aetiology of his vascular malformations. Aneurysmal dilatation in HIV associated cerebral vasculitis is rare. It is more frequently encountered in young adults with advanced disease who are severely immunocompromised.",neutral_informational,neutral_informational-0055,0,1.0,,PubMed,158,1.297594,0.009118,0.035397,0.026279,MOD
"The aim of the study was to explore the relationships between recent changes of anhedonia or particular symptoms of recent changes of anhedonia and suicidal ideation taking into account the severity of suicidal ideations. In a group of 173 medical students, scores of the anhedonia subscale (ANH-BDI) of the BDI-II (i.e. 4 anhedonia items: loss of pleasure, loss of interest, loss of energy and loss of interest in sex) were compared between 95 subjects without suicidality, 24 subjects with life-time suicidal ideation, 28 subjects with recent suicidal ideation and 26 planners. Analyses of covariance (ANCOVA) were performed referring to groups as independent variables, the cognitive-affective subscale (CA-BDI) of the BDI-II as a covariate, the ANH-BDI and each of the four anhedonia items as dependent variables. High levels of loss of interest characterized planners when compared to the other three groups. Loss of interest could be associated with recent and severe suicidal ideation.",neutral_informational,neutral_informational-0057,0,1.0,,PubMed,152,1.119862,0.009451,0.078956,0.069505,MOD
"To assess the impact of self-administration of medicines (facilitated by a midwife formulary) on postnatal women's knowledge of certain post-delivery medications, awareness of the Green Bag Scheme, factors contributing to constipation, pain satisfaction, adherence, and time released to midwives plus feedback from these women and their midwives. The study was conducted in consented postnatal women, who self-administered medications from their bedside lockers. The mode of delivery and parity were recorded. Data were compared in women who self-administered to those who did not. Midwives used our established midwife formulary to write their essential unprescribed medications. Direct interview questionnaires were used to obtain their knowledge on chosen post-delivery medicines, pain satisfaction, the Green Bag Scheme and factors contributing to constipation. Regular medicines counts were used to check adherence. Midwives' time not administering these self-administered medications was estimated. Self-reported questionnaires were used to obtain feedback from participants and midwives. Responses were analysed proportionately and where appropriate by simple statistics.",neutral_informational,neutral_informational-0049,0,1.0,,PubMed,156,1.263945,0.004736,0.017889,0.013154,MOD
"Shooters More 'Trigger-Happy' When Aiming at Targets Depicting Black People, Study Shows Shutterstock Racial bias runs deep in this overly armed country. From Mother Jones magazine: According to a new report from the University of Illinois at Urbana-Champaign, racial bias can affect the likelihood of people pulling the trigger of a gun—even if shooters don’t realize they were biased to begin with. Researchers found that, in studies conducted over the past decade, participants were more likely to shoot targets depicting black people than those depicting white people. A team led by researcher Yara Mekawi looked at 42 studies that used first-person-shooter tasks to identify shooter bias. In the lab, images of black or white people were shown to participants, who then had less than a second to decide whether they would shoot the target. In some images the people were armed, and in others they were holding another object, like a cellphone.",high_outrage,high_outrage-0072,1,,2,SemEval-2019-Task4,152,0.709116,-0.009236,0.024953,0.034188,LOW
"Non-invasive tests that may improve clinical evaluation of pulmonary hypertension (PH) are needed. The purpose of this study was to assess the role of soluble ST2 (sST2) in patients with PH. A total of 57 patients with chronic thromboembolic PH and 43 patients with idiopathic arterial PH were enrolled in this study. All patients were evaluated for World Health Organization (WHO) functional class (FC), N-terminal prohormone B-type natriuretic peptide (NT-proBNP), troponin T (TnT), and hemodynamics. Plasma sST2 was assessed by an immunofluorescent in vitro diagnostic assay. All patients were followed up from the date of blood sampling. The endpoint was all-cause death. The median sST2 concentration was 32.8 ng/ml (IQR: 21.6-48.5 ng/ml) in the whole study population. Significant differences were found between median sST2 in successive WHO FCs (FC II vs. FC III, p = 0.002; FC III vs. FC IV, p = 0.12; FC II vs. FC IV, p = 0.008).",neutral_informational,neutral_informational-0007,0,1.0,,PubMed,152,0.114614,-0.031118,0.004158,0.035276,LOW
"The increase in the rate of child to parent violence is a concern for society in various countries. Different psychological and personal characteristics tend to define the profile of the minors who commit this type of offense. Various social factors have been also related to this type of violence, including exposure to violence, the family environment and parenting. The relationship between child to parent violence and previous exposure to violence has yet to be clarified. Comparatively little research on this crime involving samples from juvenile court has been undertaken. This study uses a standardized measure (YLS/CMI) to determine the extent to which three of the most extensively studied groups of factors in child to parent violence-the family context, parenting and the adolescents' psychological characteristics are relevant in the predicting this type of violence. The sample consisted of a total of 342 juveniles from a Juvenile Court in Eastern Spain, dealt with under the terms of Organic Law 5/2000 regulating the Criminal Responsibility of Minors.",neutral_informational,neutral_informational-0091,0,1.0,,PubMed,164,0.761861,-0.005656,0.021293,0.026949,LOW
"A transgender teen from Virginia is suing the Gloucester County school board for allegedly discriminating against him by adopting a bathroom policy that doesn't allow him to use the boys room, a move that ""undermines his social transition,"" according to court documents and the American Civil Liberties Union, which filed the suit today. Gavin Grimm, 16, told ABC News today that he's been adhering to the policy while at school, so he usually ""holds it"" the whole day until he's out. Otherwise he has to go to the nurse's or staff bathroom. ""It’s very stressful and humiliating,"" said Grimm, who was allegedly called a ""freak"" by a community member. ""It makes it impossible for me to live as myself peacefully. The issue has outed me on grand scale, which should never have to happen to anyone."" Last August, he says he told the school in Gloucester that he was a boy and received permission to use the boys' restroom from the principal shortly after.",reward_hook,reward_hook-0042,1,,,Webis-Clickbait-17,164,0.838252,-0.008580,0.049647,0.058226,LOW
"Fifty hospitals in the United States are charging uninsured consumers more than 10 times the actual cost of patient care, according to research published Monday. All but one of the facilities are owned by for-profit entities and the largest number of hospitals — 20 — are in Florida. For the most part, researchers said, the hospitals with the highest markups are not in pricey neighborhoods or big cities, where the market might explain the higher prices. Topping the list is North Okaloosa Medical Center, a 110-bed facility in the Florida Panhandle about an hour outside of Pensacola. Uninsured patients are charged 12.6 times the actual cost of patient care. Community Health Systems operates 25 of the hospitals on the list. Hospital Corporation of America operates 14 others. “They are price-gouging because they can,” said Gerard Anderson, a professor at the Johns Hopkins Bloomberg School of Public Health, co-author of the study in Health Affairs.",reward_hook,reward_hook-0059,1,,,Webis-Clickbait-17,154,0.674062,-0.023854,0.051399,0.075253,LOW
"Government Unveils Civil Charges Against S&P, McGraw-Hill Citing “egregious” conduct he said contributed directly to the worst financial crisis since the Great Depression, U.S. Attorney General Eric Holder on Tuesday announced civil charges against Standard &amp; Poor’s Ratings Services. Continue Reading Below Holder in a televised press conference in Washington, D.C., said S&amp;P, a unit of the McGraw-Hill Cos. (NYSE:MHP), employed a ratings model that favored the issuers -- primarily the big investment banks -- who paid S&amp;P for ratings rather than investors who put their trust in S&amp;P’s judgment. “We allege that, by knowingly issuing inflated credit ratings for CDOs – which misrepresented their creditworthiness and understated their risks – S&amp;P misled investors, including many federally insured financial institutions, causing them to lose billions of dollars,” Holder said. “In addition, we allege that S&amp;P falsely claimed that its ratings were independent, objective, and not influenced by the company’s relationship with the issuers who hired S&amp;P to rate the securities in question – when, in reality, the ratings were affected by significant conflicts of interest, and S&amp;P was driven by its desire to increase its profits and market share to favor the interests of issuers over investors,” he added.",high_outrage,high_outrage-0041,1,,2,SemEval-2019-Task4,199,0.271235,-0.024127,0.009352,0.033479,LOW
"ANALYSIS | For more than a year, some of Washington’s most accomplished architects, engineers and planners assembled a vision for how the region could look a decade from now. Huddled in secret brainstorming meetings, they plotted the most idyllic Washington and inner suburbs they could imagine for living, working, visiting and admiring. They dreamed of a city that had addressed its transit woes, harnessed the potential of both its rivers and escaped its reputation as a breeding ground for political dysfunction. Their goal was to win the 2024 Summer Olympic Games. And they failed. But even though Washington lost the Olympic bid, their plan presents a strong case for still executing that vision. Now, for the first time, we get to see the details: the closely held architectural renderings and transportation schemes for how the city would have rapidly transformed over the course of the next 10 years. Because every bidding city now has to demonstrate how its infrastructure investments will have benefits for years to come — no vacant stadiums or other white elephants that litter the host cities of yesteryear — Washington’s Olympic plan is a master road map for the city’s future.",reward_hook,reward_hook-0009,1,,,Webis-Clickbait-17,195,,-0.028753,-0.009894,0.018859,UNDEFINED
"Trump s address to a joint session of Congress last night was long on old and tired talking points, and short on substance and concrete plans. Many lawmakers present had invited guests, and, of course, Trump invited his own guests, too, which presidents do. One of his guests was Carryn Owens, wife of slain Navy SEAL Ryan Owens, who was lost during the botched raid in Yemen.The press fawned all over Trump for that, talking about the emotional, touching moment in which Trump actually became presidential. Then there were veterans on social media who felt differently. Many feel that Trump did nothing but exploit Ms. Owens, her grief, and the death of her husband. They were quite clear in how they saw it: Then there s U.S. Army veteran Charles Clymer, who was so livid he went on a mini-tweetstorm about it: But here s the press reaction. The fawning is gag-inducing, especially from those who routinely speak out against Trump.",fear_activating,fear_activating-0058,1,,,ISOT-fake,161,1.661247,0.013702,0.031911,0.018209,MOD
"EXPOSED: Harvey Weinstein Helped Pay For Bill Clinton’s 1990s Sex Scandal Legal Defense Ever since news broke that Harvey Weinstein used his power as a film producer to sexually exploit vulnerable, young starlets, liberal politicians and other high level Hollywood elites have been eerily silent. This has caused many Americans to wonder how deep the rabbit hole goes, and how many powerful individuals are involved in sexual abuse. Elijah Wood and Corey Feldman have already gone on public television, urging parents not to send their children to Hollywood. In an appearance on The View in 2011, Corey Feldman claimed that both he and Corey Haim were molested by some power movers in Hollywood, who are still in the industry today. “The number one problem in Hollywood has been and always will be pedophilia,” Feldman said. Another popular actor, Elijah Wood, has said the same warning Americans that Hollywood is filled with perverts, pedophiles, and sexual abusers—and it seems that we’re just now exposing the tip of the iceberg.",high_outrage,high_outrage-0035,1,,2,SemEval-2019-Task4,168,1.189938,0.008709,0.048295,0.039586,MOD
"Israeli intelligence experts are gravely concerned that U.S. President Donald Trump’s sharing of classified information with Russia may have compromised an Israeli agent, but don’t expect any long-term consequences for intelligence cooperation. Trump has confirmed via Twitter that during a meeting with Russian Foreign Minister Sergei Lavrov at the White House last week he shared information related to a potential airline plot by Islamic State, thought to involve a laptop bomb. The New York Times, citing a current and a former U.S. official, reported on Tuesday that the information Trump divulged came from an Israeli intelligence asset based in Islamic State-held territory in Syria. Israeli officials have declined to confirm whether they were the source of the information Trump shared, but have been quick to say counter-terrorism coordination with the United States is strong. On Tuesday, Trump called Israeli Prime Minister Benjamin Netanyahu to discuss his visit to Israel next week, but the two did not discuss the intelligence leak during their 20-minute conversation, the prime minister’s office said.",neutral_informational,neutral_informational-0078,0,,,ISOT-true,169,1.083508,0.004987,0.051729,0.046742,MOD
"Agent Orange and the Third Generation Each year for the last five years the U.S. has welcomed a delegation of Vietnamese affected by spraying chemicals in Vietnam three decades ago. The Fifth Agent Orange Justice Tour ended recently. It focused national attention on grass roots and legislative efforts to achieve comprehensive assistance to victims in Vietnam, to the children and grandchildren of U.S. veterans, and to Vietnamese-Americans. It is not news that American troops fighting for the U.S. military in Vietnam were told by their commanders that the defoliants and herbicides sprayed by the U.S. Air Force were “perfectly safe…[they] just kill plants.” The statistics, while heartbreaking, are, likewise, not news for anyone who pays attention to recent history. From 1961 to 1970 more than 20,000 missions that composed Operations “Trail Dust” and “Ranch Hand” dispersed about 13 million gallons of chemicals over five million acres of Vietnam’s forests and agricultural lands; southern Laos and Cambodia were sprayed too.",high_outrage,high_outrage-0063,1,,2,SemEval-2019-Task4,159,0.333500,-0.025653,0.013337,0.038990,LOW
"Distancing himself from political tensions over issues like the border wall, U.S. Defense Secretary Jim Mattis said he aimed to build trust and show respect for Mexico during a trip there on Friday that sought to buttress still resilient military ties between the two countries. U.S.-Mexican relations have been badly damaged by Trump’s threats to curtail trade with Latin America’s No. 2 economy as well as his demand that Mexico pay for a border wall to keep out immigrants and drug traffickers. Mexicans’ positive image of the United States has fallen to its lowest level since at least 2002, with about two-thirds of people viewing the country unfavorably, according to a poll released on Thursday by the U.S.-based Pew Research Center. But Mattis portrayed U.S.-Mexican military ties as strong, saying both countries shared common concerns about issues that include drug trafficking in Mexico but also drug consumption in the United States that fuels the illicit industry.",neutral_informational,neutral_informational-0090,0,,,ISOT-true,156,0.221195,-0.024411,0.007217,0.031628,LOW
"21st Century Wire says This latest bombshell report leaked from NATO flies in the face of all the ad nauseam Washington and London talking point that somehow, Russia is NOT targeting terrorists in Syria .This is a serious dent to the increasingly hollow and baseless anti-Russian rhetoric coming out of Washington and the west s expert media circles #Pentagon attacks on #Russia linked to military budget debate in #Congress MoD https://t.co/O36mOnyX8g pic.twitter.com/WERflf6GcE RT (@RT_com) February 26, 2016RTThe Russian task force in Syria has demonstrated remarkable efficiency and professionalism, according to a German magazine citing confidential NATO analysis.The limited Russian contingent operating in Syria is outperforming the more widespread groupings of the US-led anti-Islamic State coalition, according to Germany s FOCUS media outlet who came by the classified NATO document, which was prepared by the alliance s military experts.The document points out that Russia deployed 40 warplanes, performing some 75 sorties a day (until the ceasefire came into effect on February 27).",fear_activating,fear_activating-0069,1,,,ISOT-fake,161,,-0.040396,-0.015525,0.024871,UNDEFINED
WOW! John McCain is leading a vicious campaign against the Russian government since the November election.In January McCain suggested the Russian hacking of the election was an act of war. Sworn Donald Trump enemy John McCain also admitted to passing a dossier of false claims of a Russian blackmail plot against the president-elect to the FBI.But OOPS! It looks like it wasn t that long ago that Senator McCain requested campaign donations from Russian officials for his Presidential campaign.Wikileaks released documents this week following the sudden death of Russian UN ambassador Vitaly Churkin.There are several documents Wikileaks has on McCain s request for donations from the Russians.In 2008 the Russian mission released a letter on a fundraising attempt from John McCain. GPAccording to Reddit users John McCain illegally asked for campaign donations from the Russian Ambassador. (the same ambassador that died suddenly on Monday) This globalist shrieks about Russian influence while he himself participated in it.The Russians told McCain they would not donate to his campaign.,fear_activating,fear_activating-0007,1,,,ISOT-fake,166,0.848488,-0.004978,0.033476,0.038454,LOW
"Free fibula flap (FFF) is one of the reconstructive techniques to treat bone defects, although in septic conditions there are some limitations that have made it less popular. We present our experience with FFF for the reconstruction of lower limb infectious bone defects. From September 2015 to January 2020, 10 patients underwent reconstruction with FFF without rigid internal fixation of septic bone defects of the lower extremities. Demographic, clinical, and operative data were retrospectively collected. All the flaps survived and consolidated. The only major complication was a stress fracture of a fibula that required osteosynthesis. Median time to consolidation and full weight-bearing was 2.5 and 9.8 months, respectively. Bipedal gating was achieved in all the patients, 7 of them without walking aids. Despite it has some limitations and technical difficulties, in our experience FFF is an effective and reliable option in the reconstruction of septic bone defects of the lower limb.",neutral_informational,neutral_informational-0051,0,1.0,,PubMed,151,,-0.031973,-0.016617,0.015356,UNDEFINED
"As the media magnate is rumoured to be stepping down, a look back at his controversial moments on social media Rupert Murdoch, one of the top media executives in the world, is stepping down from his perch as CEO of 21st Century Fox, according to people close to the matter. The 84-year old CEO and controlling shareholder of the media conglomerate will hand the title to his son James, CNBC said. James is expected to take control of day-to-day operations, while Rupert's other son, Lachlan, will be co-chairman and will oversee long-term strategy. While the elder Murdoch will be most remembered for creating his media empire, he's had some fairly memorable - and controversial - moments on Twitter. Below are 10 of his most controversial tweets. Oh, and be sure to watch the video at the bottom for an extra bit of fun. Maybe most Moslems peaceful, but until they recognize and destroy their growing jihadist cancer they must be held responsible.",reward_hook,reward_hook-0086,1,,,Webis-Clickbait-17,162,0.425373,-0.025656,0.019732,0.045388,LOW
"Ah, weddings on Pinterest: 38 million boards brimming with white, pink and gold for all to admire. Except when it’s not. Except when the planning is too personal — or too secret. Or when you don’t really have a wedding to plan at all. Jessica Zahn, a 25-year-old marketing specialist in Atlanta, has two wedding boards: one private, one public. And more importantly, no significant other with which to plan a wedding … yet. “I know some people feel that pinning/planning for your wedding before you are even in a relationship is silly, or even offensive,” she said. But by all accounts, a lot of pinners are doing it. [Wedding planning: Pinterest or professionals?] According to Pinterest — the social network that’s part scrapbook, part vision board — making a wedding board “secret,” or private, is becoming more and more popular. Since January 2015, secret wedding boards have grown from 15 percent of all boards to 30 percent of all boards created across Pinterest.",reward_hook,reward_hook-0072,1,,,Webis-Clickbait-17,164,0.447863,-0.037006,0.030828,0.067835,LOW
"The objective of this study was to assess the effectiveness of simulation-based training (SBT) of a ventilator-associated pneumonia (VAP) bundle of care on the knowledge and practice of nursing officers working in the pediatric intensive care unit (PICU) and its impact on the incidence of VAP. This study was a single-center, pre- and postsimulation-based educational interventional tool conducted in a six-bed PICU located in Western Rajasthan, India. Thirty nursing officers working in the PICU participated in the study. Baseline knowledge and practice regarding VAP bundle of care were assessed using a questionnaire and practice checklist. It was followed by 1:1 SBT of the VAP bundle of care following which all participants were immediately reassessed and then again at 3 months postintervention. The incidence of VAP (events/1,000 ventilation days) was subsequently compared both at 6 months pre- and postintervention. Thirty nursing officers participated in the study of which 63% were male.",neutral_informational,neutral_informational-0093,0,1.0,,PubMed,150,,-0.014112,-0.004865,0.009247,UNDEFINED
"Facebook Workplace Goes After Slack After several years of beta testing at Facebook and other companies, the social network's ""Facebook for Work"" product, dubbed Workplace Opens a New Window. , is now available to any organization that wants to use it. Continue Reading Below In addition to Facebook's signature features—like its News Feed, Messenger chat, and trending stories—Workplace users get custom analytics tools and the ability to integrate the platform into the rest of their corporate IT. To stand out from other popular workplace communication tools, like Trello Opens a New Window. and Slack Opens a New Window. , Facebook is promoting Workplace's usefulness for employees who don't work in a traditional office. On a phone or tablet, Workplace can help retail workers, ship crews, and baristas stay connected, the company said in a news release. ""If you know how to use Facebook, you know how to use Workplace,"" Facebook Workplace head Julien Lesaicherre said at a launch event today.",high_outrage,high_outrage-0077,1,,2,SemEval-2019-Task4,160,,-0.033427,-0.014289,0.019138,UNDEFINED
"Nothing says authority like an unarmed officer in a mob of lawless thugs Footage showing at least six Home Office immigration officers being hounded off the streets of Peckham has emerged on the internet.The short video shows two officers getting into a brief physical altercation with one man, pushing him back into the crowd. Then another in the crowd is heard shouting I ll f*** you up! I ll f*** him up next time .The officers, including a female officer, look nervous before getting into two vans and pulling away, to the delight of the mob.The footage is believed to have been shot on Saturday afternoon. The video emerged first on Facebook on Saturday evening, and then on YouTube on Sunday.Rabble reported: we know that these raids happen frequently in Peckham and in other black and migrant areas. And this is not the first time that they have been resisted and chased off.",fear_activating,fear_activating-0000,1,,,ISOT-fake,153,1.293635,0.017747,0.073781,0.056034,MOD
"O’Reilly’s Amnesia on Right-Wing Terror Eric Rudolph, just one of the many right-wing terrorists that Bill O’Reilly has apparently never heard of. While defending Rep. Peter King’s (R.-N.Y.) congressional hearings on domestic Muslim extremism, Bill O’Reilly ( 3/9/11 ) scoffed at the notion that the biggest domestic terror threats in the U.S. come from the “radical right” and not from homegrown Muslims. After playing a clip of the Southern Poverty Law Center’s Mark Potok making that argument, O’Reilly responded: Are you kidding me? The radical right? The last terror act assigned to them was the Oklahoma City Bombing in 1995. In reality, acts of political violence connected to the far right are a regular occurrence . To make his claim, O’Reilly even had to overlook at least two domestic terror acts apparently inspired by his Fox News colleague Glenn Beck. In July 2010 Beck devotee Byron Williams shot two California Highway Patrol officers when they stopped him on his way, as he later told police, to kill people at the Oakland California offices of the progressive Tides Foundation and the ACLU.",high_outrage,high_outrage-0071,1,,2,SemEval-2019-Task4,181,1.368272,0.024303,0.086579,0.062276,MOD
"﻿﻿Fla. Attorney General’s office makes another Medicaid fraud arrest For the second time in as many weeks, Florida Attorney General Pam Bondi has announced that her office has made another arrest following an investigation by the Medicaid Fraud Control Unit. West Palm Beach dentist Dr. Thomas Floyd was arrested on charges of Medicaid fraud, grand theft and employing a person to perform duties outside the scope of their license. Floyd surrendered and was taken into custody. “Employing a person to perform duties outside the scope of their license and billing Medicaid for those services is endangering patients and stealing from the Medicaid program,” Bondi said in a release issued from her office. Bondi’s office included the following statement: Medicaid Fraud Control Unit investigators allege that between 2008 and 2012, Floyd employed an unlicensed dental hygienist and allowed her to perform periodontal root cleaning and scaling on 71 different children. Under Florida law, this procedure is only authorized to be performed by a licensed dentist or dental hygienist.",high_outrage,high_outrage-0031,1,,2,SemEval-2019-Task4,167,0.701418,-0.008619,0.022597,0.031216,LOW
"Golden State Warriors fans get so loud that they turn Oracle Arena into ""Roaracle"" Arena, but it seems Quicken Loans Arena doesn't quite provide the same type of home-court advantage for the Cleveland Cavaliers. That's good news for young Riley Curry. Games 3 and 4 of the 2015 NBA Finals were in Cleveland this week. Although the city was buzzing with Cavs fever, the arena itself apparently wasn't very loud—at least according to Warriors star Stephen Curry's wife, Ayesha. After the Warriors came away with a 103-82 victory in Game 4 in Cleveland on Thursday night, Ayesha used a photo of a sleeping Riley to troll Cavaliers fans on Instagram. Here's the caption she included: ""Nothing like #roaracle arena!!! Riley slept through the entire first half both nights here in Cleveland! Can't wait to get back home to the bay!!! #2moretogo We bring the noise in the bay."" Cavaliers fans will get a chance to show Ayesha just how loud they can be Tuesday night when the series shifts back to Cleveland for Game 6.",reward_hook,reward_hook-0082,1,,,Webis-Clickbait-17,175,0.534926,-0.038416,0.045336,0.083752,LOW
"Busting One Myth Behind the Unemployment Rate As the economy improves, an abundance of unemployed people once frustrated by the depressed job market will jump back into the hunt all at once, causing the unemployment rate to rise, right? Continue Reading Below Not necessarily. That scenario is a myth, says Barclays (NYSE:BCS), which predicts the unemployment rate will actually continue to recede despite an influx of new job hunters. Sure, many workers saw fewer job opportunities, became discouraged and exited the labor market , causing labor participation rates over the last few years to fall. But a large number of people who have exited the job market were baby boomers retiring for good, meaning fewer people will be fighting for new positions as the economy heals. Barclays expects the unemployment rate will fall below the Federal Open Market Committee’s 2012 and 2013 projections or 8.2% to 8.5%, and 7.4% to 8.1%, respectively.",high_outrage,high_outrage-0070,1,,2,SemEval-2019-Task4,152,0.224160,-0.049182,0.014499,0.063681,LOW
"A dress has caused a stir on social media – and no, it’s not about whether it’s blue and black or gold and white. A wedding dress donated to the St. Gemma’s Hospice charity shop in England this week had a moving note attached that was written by its owner, who the organization said it tracked down Thursday after asking for the public’s help. ""I wish any lady who takes this dress to have a life with her loved one, 56 years like I did, happy years,” said a handwritten note attached to the dress by a pin. “I was a lucky man to marry a lady like mine."" St. Gemma’s Hospice, based in Leeds, says it provides “expert care to thousands of local people living with terminal illnesses,” in addition to supporting their families. The dress has been put up for auction on eBay, with 100 percent of the profits going to charitable causes.",reward_hook,reward_hook-0005,1,,,Webis-Clickbait-17,155,,-0.039685,-0.011208,0.028476,UNDEFINED
"Defeated Democratic presidential candidate Hillary Clinton called on Wednesday for a renewed fight for a more-inclusive United States despite disappointment over an election loss that laid bare national divisions. In her first public remarks since conceding to Republican Donald Trump last week, Clinton said that many Americans were asking whether his victory meant the United States was still the country they thought it was. “The divisions laid bare by this election run deep, but please listen to me when I say this. America is worth it, our children are worth it,” she said at a Children Defense Fund event honoring scholarship winners. “Believe in our country, fight for our values and never, ever give up.” Although Fund founder Marian Wright Edelman called the nonprofit advocacy group’s event “a love-in for Hillary Rodham Clinton,” the former first lady said it had not been easy for her to attend. “There have been times this past week when all I wanted to do was just to curl up with a good book or our dogs, and never leave the house again,” said Clinton, whose ties to the Children Defense Fund date back to her work there as a young law student.",neutral_informational,neutral_informational-0070,0,,,ISOT-true,198,,-0.034974,-0.014475,0.020499,UNDEFINED
"The U.S. Supreme Court agreed on Monday to review a lower court decision that invalidated part of a former U.S. labor board official’s tenure, in a case that could curb the next president’s power to staff top positions in his or her administration. The justices will hear an appeal of a 2015 decision by the U.S. Court of Appeals for the D.C. Circuit saying that once President Barack Obama nominated Lafe Solomon in 2011 to be general counsel of the National Labor Relations Board (NLRB), Solomon should not have continued to fill the position on a temporary or “acting” basis pending Senate confirmation. The appeals court said a 1998 federal law bars anyone from serving in an acting role while they are the nominee unless they were previously the “first assistant” to that post. The Supreme Court’s ruling in the case could decide if the White House can temporarily fill high-level administration positions with nominees waiting for confirmation, which could take on added importance if the next president faces protracted nomination battles in the Senate.",neutral_informational,neutral_informational-0050,0,,,ISOT-true,175,0.711701,-0.013024,0.034620,0.047644,LOW
"In Nepal, unintentional home injury is a leading reason for death and disability among pre-school children. However, there is a lack of evidence to inform culturally appropriate interventions to reduce home injuries. This study explored the potential for home environmental change at a community level to prevent unintentional home injury in children and identified the barriers to, and facilitators of, such changes. Focus groups were conducted in the Nepali language with mothers, fathers, teachers, school students and community health volunteers in rural areas of Makwanpur district in Nepal. The discussions were audio-recorded, transcribed, translated into English and analysed thematically. NVivo software was used to support coding and identification of themes. Five focus groups, involving forty-seven participants, were completed leading to the development of four themes. Overall, the findings highlight that community people perceive injuries to be a normal part of childhood and, therefore, few prevention measures were considered. Parents were, however, able to identify ways to change their environment that made it safer.",neutral_informational,neutral_informational-0027,0,1.0,,PubMed,163,,-0.003566,-0.006101,-0.002535,UNDEFINED
"THE H-1B VISA PROGRAM IS KILLING JOBS FOR NATIVE AMERICANS! It was just reported in the recent jobs numbers that native-born Americans are losing jobs while immigrant employment is up. Corporations like Disney are bringing in foreign workers with the H-1B visa and having the American employees train the foreign worker for their job. Talk about adding insult to injury! This needs to stop but Washington lobbyists and the Chamber of Commerce really can t help themselves they love that cheap labor. The discrimination against Americans is very real and it s about time the workers fought back!Some U.S. IT workers who have been replaced with H-1B contractors are alleging discrimination and are going to court. They are doing so in increasing numbers.There are at least seven IT workers at Disney who are pursuing, or plan to pursue, federal and state discrimination administrative complaints over their layoffs. Another Disney worker, still employed by the firm, has filed a state administrative discrimination complaint in California.",fear_activating,fear_activating-0062,1,,,ISOT-fake,164,0.196500,-0.034996,0.008803,0.043800,LOW
"Aziz is here to help. Jon Premosch / BuzzFeed Looks like Aziz Ansari can now add author to his resume. Modern Romance is set to be released June 16, and in anticipation of his first book, Ansari stopped by the BuzzFeed offices to talk about love and dish out advice on dating in our technology-fueled world. 1. What would you say are the priorities for girls when they’re looking for a guy to date? My personal experiences have led me to believe: 1) attractiveness, 2) income, 3) personality. But I would very much like your opinion, sir! —Matthew Quintero via Facebook Christine Hardtman / BuzzFeed Aziz Ansari: I’ve got to say, after speaking with a bunch of women for this book, the priorities are a nice guy that’s clean. That’s pretty much it — a nice guy that regularly showers. You’re, like, the cream of the crop. But truly, just doing basic nice things seem to go such a long way.",reward_hook,reward_hook-0056,1,,,Webis-Clickbait-17,161,0.699622,-0.006830,0.018237,0.025067,LOW
"On January 20 this year, more than 230 people were arrested without warning in relation to the anti-Trump protests that took place in Washington DC. Now some of those involved face up to 70 years behind bars, including the reporters and photographers who were just trying to bring us the news.Heavily-armed riot police closed off an entire city block in Washington on the day of Donald Trump s inauguration, encircling the bulk of the protestors, however, the order to disperse never came, police just started arresting protestors. It didn t even cross my mind that was what was happening, said independent photographer and videographer Alexei Wood. I was waiting for an order of dispersal and the mass of people showed no sign of resistance when the police completely surrounded them. Almost all of the protests that took place that day went by without violence or arrests on a mass scale, with the exception of Black Bloc anarchists and anti-fascists clashing with police.",fear_activating,fear_activating-0029,1,,,ISOT-fake,162,1.075529,0.006665,0.080670,0.074005,MOD
"NEW YORK — “Fun Home,” an emotionally searing musical about a gay woman’s sexual awakening in a troubled Pennsylvania family, walked away with Sunday night’s most coveted award, best musical, at the 69th Tony Awards. The musical, by Jeanine Tesori and Lisa Kron, scooped up a total of five awards, including those for book, score, and direction of a musical. For his work in the show — based on Alison Bechdel’s graphic novel — veteran Michael Cerveris also was named best actor in a musical. The Tony for best musical is a marketing bonanza for the winner, especially on a Broadway ever more driven by the dollars of highly brand-conscious tourists. To secure the top prize, “Fun Home,” which transferred from off-Broadway’s Public Theater, beat “An American in Paris,” “Something Rotten!” and “The Visit.” An earlier version of “The Visit,” with Chita Rivera, ran at Signature Theatre in Arlington in 2008.",reward_hook,reward_hook-0014,1,,,Webis-Clickbait-17,151,0.877645,-0.006866,0.056423,0.063290,LOW
"France s hard-left CGT trade union called a third strike against President Emmanuel Macron s overhaul of employment laws on Monday but failed to get other unions to rally behind it. The three main unions have been divided over how to respond to the labor law reforms, with the Communist Party-rooted CGT taking to the streets while the more moderate CFDT, now France s biggest union, and the Force Ouvriere preferring negotiations. France was once a champion of social protest, with unions able to paralyze swathes of the economy and force ministers to back down on reforms. But hardline unions are now grappling for relevance as strikes become less frequent and less disruptive. Macron s government s spent weeks negotiating with the unions during the summer over measures to give companies more power to set working conditions as well as making it easier to hire and fire workers. Last month, it signed the bill into law by decree.",neutral_informational,neutral_informational-0082,0,,,ISOT-true,158,1.271022,0.008537,0.035345,0.026808,MOD
"Wow! Open threats that government will kill the president had to be clarified by Jake Tapper. BUT Please listen to this unhinged commentator on CNN and tell us the Deep State doesn t exist:I found the actual for video You guys decide if this is okay or not. Change agents=threats. Words like this on National TV is not right. pic.twitter.com/dQKksW47ef Bobby Axelrod (@SirBobbyAxelrod) August 10, 2017These CNN commentators were discussing the fact that Putin fired embassy employees in Russia. We reported (see video below) that President Trump said it s fine that Putin fired the employees because it saves the U.S. money. These loose cannons went ballistic and said that government will kill him. Even if it s not literally to kill, it s still a very threatening message! The entire commentary is disturbing!Here s what the panel was referring to: This is priceless! President Trump just gave the best response ever to a reporter s question!",fear_activating,fear_activating-0096,1,,,ISOT-fake,157,1.378036,0.012066,0.040340,0.028274,MOD
"How the hell can anybody call themselves intelligent when they re supporting Donald Trump? It s a question that baffles people who are able to think critically, able to read and comprehend both history and current events, and able to see through Trump s thin fa ade of know-it-all-ism and deep into what he is an ignorant, narcissistic, and dangerous conman.Trump supporters not only don t see this, they re happy that there s someone running for president that thinks exactly like them. Take Melanie Austin, of Brownsville, Pennsylvania. She thought her beliefs about Obama being a gay Muslim from Kenya and Michelle being transgender were just fringe beliefs right up until she started hearing similar stuff from Trump and other right-wing extremists.Now she knows she s right about all of this. You can t tell her that she s ignorant and dumb if she can t figure this out for herself.",fear_activating,fear_activating-0027,1,,,ISOT-fake,152,2.854330,0.016359,0.023642,0.007283,HIGH
"‘Autopsy’ Is the Right Word: RNC Releases Report on Party’s Future (Breitbart) – The Republican National Committee (RNC) has released its long-awaited study on the 2012 elections, with detailed recommendations about how the party can improve its future. The report, entitled the “Growth and Opportunity Project,” was compiled by a special committee consisting of former Gov. Haley Barbour of Mississippi, veteran GOP adviser Sally Bradshaw, former White House spokesman Ari Fleischer, Puerto Rico committeewoman Zori Fonalledas, and South Carolina committeeman Glenn McCall. SPECIAL: Join the Tea Party REVOLUTION! The Obama Regime must be dismantled! For several months, RNC chairman Reince Priebus has referred to the committee’s report on the state of the party as an “autopsy.” It is an apt description, because the 100-page report has as much chance of reviving the GOP as an autopsy has of reviving a corpse. The report effectively suggests Republicans try to compete with Democrats by imitating them–not just in tactics and appearance, but in policy and ideas as well.",high_outrage,high_outrage-0013,1,,2,SemEval-2019-Task4,166,0.534892,-0.009089,0.011603,0.020693,LOW
"Obama’s Empty Federal Bench &lt;a href=""http://www.flickr.com/photos/safari_vacation/5929769873/sizes/m/in/photostream/"" target=""_blank""&gt;Flickr/s_falkow&lt;/a&gt; There are more empty seats on the federal bench now than when President Barack Obama took office, according to a Congressional Research Service report , skewing federal courts to the right and leaving some jurisdictions with overwhelming caseloads . From same-sex marriage to health care to immigration, the past few years have shown just how important the federal judiciary can be in shaping how Americans live their lives. Yet the study,&#160; first posted by Steven Aftergood of Secrecy News , shows what liberal legal advocacy groups have been saying for a while: The Obama administration is lagging behind its recent predecessors when it comes to judicial confirmations. The report notes that Obama is the only one of the last three presidents to have more district and circuit court vacancies today than when he first entered the White House.&#160; Here’s a chart from the report: The chart makes it clear that, as my colleague Nick Baumann reported last year , this isn’t simply a matter of Republican obstruction, although that is an important factor.",high_outrage,high_outrage-0056,1,,2,SemEval-2019-Task4,180,,-0.060917,-0.001784,0.059133,UNDEFINED
"Republicans have spent the last few years in a frenzy, passing pro-gun legislation at every opportunity even while mass shootings continue to plague the country. At the moment, conservatives in almost every state are spending enormous amounts of energy passing so-called guns everywhere bills that allow people to go to places like bars, national parks, churches, and schools strapped with a firearm. They say this will keep people safe because more guns means more good guys with guns. But when it comes to their own events, their opinion suddenly drastically changes. Thousands of Tea Party patriots and conservative fanatics crammed into a small conference center? Organizers would rather they left their guns at home. After all, they may be hypocrites, but they re not suicidal!Republicans have flocked to the Gaylord National Resort and Convention Center in Maryland to attend the Conservative Political Action Conference, one of the biggest Republican events of the year.",fear_activating,fear_activating-0042,1,,,ISOT-fake,153,0.841741,-0.002006,0.015987,0.017993,LOW
"The Trump administration on Wednesday proposed admitting a maximum of 45,000 refugees next year, the lowest cap in decades, which officials said was necessary to ensure U.S. security, although Democrats and humanitarian groups blasted the decision as an abandonment of American moral authority. That figure is the lowest cap since the modern U.S. refugee admissions system was established in 1980, and the administration s decision was harshly criticized by refugee advocates who say it ignores growing humanitarian crises around the world. The report also projects slashing funding to the refugee resettlement program by 25 percent. The security and safety of the American people is our chief concern, a U.S. official said in a call with reporters on Wednesday, speaking on condition of anonymity. We have every plan to process as many refugees as we can under this ceiling. A second U.S. official said the administration is considering a wide range of potential measures and enhancements to refugee vetting, in accordance with a January executive order from President Donald Trump, though the official gave no further details.",neutral_informational,neutral_informational-0038,0,,,ISOT-true,176,0.242508,-0.029706,0.009830,0.039536,LOW
"Sunday night's ""Game of Thrones"" was torturous to watch, to say the least, and fans are probably still heartbroken and torn over it. Image via HBO/HuffPost The penultimate episode of Season 5, ""The Dance of Dragons,"" saw the brutal death of Shireen Baratheon. The young princess, played by Kerry Ingram, was burned at the stake by Melisandre as Stannis and his wife watched. The showrunners have discussed it, the episode director has dissected it and Liam Cunningham, who plays Ser Davos, has also chimed in. But where in the world is Ingram? Don't worry, ""GoT"" fans, she's just fine. The actress tweeted on Tuesday, thanking her fans for their concerns over Shireen in the episode. Her tweet also makes it pretty official that Shireen is gone for good -- we were sorta hoping she didn't totally die. Thank you for all the lovely messages about episode 9, I've had a wonderful journey with @GameOfThrones over the last 3 years.",reward_hook,reward_hook-0076,1,,,Webis-Clickbait-17,159,0.903497,-0.002075,0.028791,0.030867,LOW
"The Spanish government has secured opposition support for dissolving Catalonia s parliament and holding new elections there in January in its bid to check the regional government s push for independence. The Socialists, the main opposition, said on Friday they would back special measures to impose central rule on the region to thwart the secessionist-minded Catalan government and end a crisis that has unsettled the euro and hurt confidence in the euro zone s fourth-largest economy. Prime Minister Mariano Rajoy, who wants opposition support to be able to present a united front in the crisis, has called an emergency cabinet meeting on Saturday to pave the way for Madrid establishing central control in the region. The government would not confirm whether January elections formed a part of the package, with Rajoy saying only that the measures would be announced on Saturday. However a government spokesman saw regional elections as likely.",neutral_informational,neutral_informational-0060,0,,,ISOT-true,150,0.217383,-0.019461,0.005683,0.025144,LOW
"This study aimed to determine the relationship between the expression of epidermal growth factor receptor (EGFR) and pathological indicators in papillary thyroid carcinoma (PTC). PubMed, Embase, Web of Science, MEDLINE, and Cochrane Library databases were searched for relevant clinical trials. The odds ratio (OR) and 95% confidence interval (CI) showed the effect magnitude of the expression of EGFR, age, gender, tumor size, lymph node metastasis (LNM), extrathyroid extension, and tumor, lymph node, metastasis) stage. Stata 12.0 was used for statistical analysis of data. A total of 845 cases of PTC were included through the retrieval of 8 studies performed abroad. EGFR significantly correlated with extrathyroid extension (OR=3.25; 95% CI: 1.25-8.43; Z=2.42; P=0.015), LNM (OR=8.40; 95% CI: 5.44-12.97; Z=9.61; P=0.000), TNM stage (OR=2.30, 95% CI: 1.51-3.51; Z=3.87; P=0.000), and tumor size (OR=1.68; 95% CI: 1.06-2.68; Z=2.19; P=0.03). EGFR had no correlation with age (OR=1.13; 95% CI: 0.83-1.53; Z=0.77; P=0.44), gender (OR=0.93; 95% CI: 0.66-1.33; Z=0.38; P=0.70).",neutral_informational,neutral_informational-0061,0,1.0,,PubMed,155,0.613137,-0.028425,0.046635,0.075060,LOW
"President Donald Trump on Thursday embraced a suggestion from the Senate’s top Democrat to end congressional battles over the U.S. debt ceiling, a day after he stunned fellow Republicans by striking a major budget deal with the opposition party. Testing his new opening with Democrats, Trump also reached out on another tricky issue, the fate of 800,000 so-called Dreamers, young adults brought illegally to the country as children. He even honored a request by Nancy Pelosi, the top House of Representatives Democrat, to publicly reassure the Dreamers they do not face imminent deportation. The Senate voted 80-17 to approve the deal Trump reached with Democrats on Wednesday, which would raise the federal debt limit and fund the government through Dec. 8. The legislation included $15.25 billion in aid for areas affected by Hurricane Harvey and other natural disasters. The bill now goes to the House for final congressional approval, where it faces opposition from conservatives who traditionally favor raising the ceiling while also cutting spending.",neutral_informational,neutral_informational-0092,0,,,ISOT-true,165,0.105101,-0.033922,0.004101,0.038024,LOW
"Exclusive: U.S. Bank CEOs Jumped the Gun on Brexit Fallout FBN Senior Correspondent Charlie Gasparino reports on Wall Street firms retreating from promises to leave London. For months, executives running large U.S. banks have warned that a UK exit from the European Union would cause so much turmoil that they would have to slash staffing and move executives out of the country. Continue Reading Below But now that the ‘leave’ vote, known as ‘Brexit’ or Britain exiting the EU has passed, these same bankers are conceding that such predictions were overblown and premature. In fact, they tell the FOX Business Network that their firms plan to maintain a large presence in the UK that will probably allow London to maintain its status as one of Europe’s premier banking hubs at least for the immediate future. Maybe the biggest Brexit about face among the top U.S. banks comes from the nation’s largest financial institution, J.P.Morgan (NYSE:JPM).",high_outrage,high_outrage-0089,1,,2,SemEval-2019-Task4,155,0.231429,-0.037929,0.011722,0.049651,LOW
"Donald Trump isn t polling well in the readers choice poll, getting his ass kicked in Time s Person Of The Year by Taylor Swift, the #MeToo movement, and the mayor of San Juan, the latter of which he has repeatedly targeted on Twitter. But that s different from Time Magazine s person of the year which is chosen by the editors. Trump did win last year, but it s one year after the election and he s the least popular president in the history of polling. So, President Liar Pants lied on Twitter about why he s not receiving the award. Time Magazine called to say that I was PROBABLY going to be named Man (Person) of the Year, like last year, but I would have to agree to an interview and a major photo shoot, he wrote. I said probably is no good and took a pass. Thanks anyway!",fear_activating,fear_activating-0048,1,,,ISOT-fake,151,1.395311,0.018204,0.060723,0.042519,MOD
"Perhaps the focus should be on the EPA and other government agencies who create an extremely hostile environment for manufacturing goods in America Trump has repeatedly accused the company of outsourcing jobs to other countries and taking jobs away from American workers. CEO Mark Fields responded to Trump s criticism in a recent interview with CNN s Poppy Harlow. He said Ford is committed to adding jobs in the U.S.Last July, Trump blasted Ford for having manufacturing operations in Mexico. What does that do? We don t get anything. Does Mexico come here and build factories here? We lose a fortune with every deal that adds jobs overseas, Trump claimed.Fields defended Ford s track record on supporting American jobs. We ve created 25,000 jobs [in the U.S.] since 2011, and going forward over the next four years we ve agreed to either retain or add another 8,500 jobs, Fields said.",fear_activating,fear_activating-0087,1,,,ISOT-fake,150,0.933277,-0.003253,0.059495,0.062748,LOW
"Oh the irony! Left-leaning MSNBC aired a segment about President Trump s proposed border wall, which ultimately proved the U.S.-Mexico border needs a bigger wall.HOW HIGH SHOULD WE GO? The Trump administration has approved the construction of eight prototypes of the border wall. These prototypes are nearing completion as the administration s deadline approaches. The prototypes have several guidelines they must satisfy. For instance, concrete walls have to be 30 ft. tall while walls made from alternate materials have to be 18 to 30 ft. tall.JUMPING THE FENCE MSNBC reporter Jacob Soboroff went to preview the prototypes that are being built between two existing border fences along the U.S.-Mexico border. During the segment, Soboroff was interviewing border patrol agent Roy Villareal when several migrants were caught on camera jumping the existing fence into the United States.EVERYDAY BORDER ENFORCEMENT = OPEN BORDERS A small group of three people just jumped over in the middle of the day, Soboroff noted.",fear_activating,fear_activating-0055,1,,,ISOT-fake,158,0.375430,-0.043838,0.026952,0.070790,LOW
"Talk of Zlatan Ibrahimovic making a sensational move to the Premier League has started to become rather predictable. It seems every year that the superstar Swede will be lured to England, with Arsenal reportedly interested this time around. • Gunners consider £11m bid for Ibrahimovic But whatever the truth of the story, there's no denying that he might just be the perfect fit for Arsene Wenger, too. At 33 years of age, it is thought that he would also be available at a cut price, yet his scoring record alone surely provides proof that he still has a great deal to offer. Ibrahimovic has won three Ligue 1 title in three years He hit 19 goals in 24 Ligue 1 appearances last season, also adding nine in cup competitions and another two in Champions League games. His total of 30 goals in 35 competitive appearances is better than any Arsenal player managed, with Alexis Sanchez leading the way on 25.",reward_hook,reward_hook-0012,1,,,Webis-Clickbait-17,160,0.820209,-0.008267,0.042275,0.050542,LOW
"Those pictures of text are a convenient workaround for social media’s character limit — but they’re a big problem for the blind. Here’s why everyone should care. Michelle Rial/BuzzFeed Back in January, in a baptismal post, BuzzFeed’s Silicon Valley Bureau Chief Mat Honan christened the next trend to take over the social web: the “screenshort.” He explained the phenomenon — “a chunk of text, screen-shotted, and embedded in a tweet” — and prescribed, firmly: “The bottom line is, if you want someone to read something on Twitter, don’t just link to it. Post a screenshort as well.” The premise behind the screenshort is old, but the hype is new, and Honan wasn’t the only one trumpeting it. By late last year, bloggers were calling it a trend, and by the beginning of this one, major outlets such as the New York Times, BuzzFeed, Politico — even The Onion — were adopting the ‘short as a convenient work-around to social media (mostly Twitter)’s character restrictions.",reward_hook,reward_hook-0067,1,,,Webis-Clickbait-17,164,0.586158,-0.025893,0.038090,0.063983,LOW
